Barcode,Cluster
AAACCTGAGCCCTAAT-1,6
AAACCTGAGCTGAAAT-1,3
AAACCTGGTAAGTTCC-1,2
AAACCTGTCATGTGGT-1,1
AAACCTGTCTGTCAAG-1,6
AAACGGGCACATGTGT-1,1
AAACGGGGTATCAGTC-1,9
AAACGGGGTATGCTTG-1,9
AAACGGGGTCGAATCT-1,4
AAACGGGGTCTTGTCC-1,2
AAACGGGGTTGCCTCT-1,9
AAACGGGTCGCAAACT-1,3
AAAGATGAGGGCATGT-1,8
AAAGATGCAACGATCT-1,3
AAAGATGGTTGGAGGT-1,2
AAAGATGTCACTTATC-1,1
AAAGCAAGTATTAGCC-1,8
AAAGTAGAGTGGGCTA-1,5
AAAGTAGAGTTAACGA-1,4
AAAGTAGCACATTCGA-1,7
AAAGTAGCAGCAGTTT-1,4
AAAGTAGCAGTCAGAG-1,2
AAAGTAGCAGTTCCCT-1,1
AAAGTAGCATTATCTC-1,6
AAAGTAGGTAACGTTC-1,7
AAAGTAGGTAAGAGGA-1,5
AAAGTAGGTCGTTGTA-1,7
AAAGTAGGTCTGGAGA-1,1
AAAGTAGGTTGGTAAA-1,7
AAAGTAGTCCTTTCGG-1,3
AAATGCCAGACTTTCG-1,1
AAATGCCAGCGATATA-1,4
AAATGCCCACATGTGT-1,5
AAATGCCGTATTAGCC-1,7
AAATGCCGTCAATGTC-1,1
AAATGCCGTCTAAACC-1,1
AAATGCCTCAGCTCGG-1,5
AAATGCCTCATTATCC-1,4
AAATGCCTCTAACGGT-1,2
AAATGCCTCTACCAGA-1,5
AACACGTAGCCTATGT-1,9
AACACGTCAACCGCCA-1,3
AACACGTTCAAGATCC-1,4
AACCATGAGGATGGTC-1,1
AACCATGAGGCCGAAT-1,2
AACCATGCACGTGAGA-1,2
AACCATGGTAGGCTGA-1,1
AACCATGTCATCGATG-1,6
AACCATGTCCAGTATG-1,9
AACCGCGAGGCACATG-1,9
AACCGCGAGGCCATAG-1,3
AACCGCGAGTACGCCC-1,1
AACCGCGAGTCACGCC-1,1
AACCGCGGTAGCACGA-1,1
AACCGCGTCGTCTGAA-1,4
AACGTTGAGCCTTGAT-1,1
AACGTTGAGCTAGGCA-1,7
AACGTTGAGCTGTCTA-1,1
AACGTTGCAGGCTCAC-1,2
AACGTTGGTCAACATC-1,8
AACGTTGTCACCGTAA-1,1
AACGTTGTCCCAGGTG-1,3
AACGTTGTCTCCTATA-1,3
AACGTTGTCTGTACGA-1,2
AACTCAGCAGATGAGC-1,6
AACTCAGGTCTACCTC-1,8
AACTCAGGTTCCCGAG-1,4
AACTCAGGTTCTCATT-1,1
AACTCAGTCGACGGAA-1,3
AACTCAGTCTCTGAGA-1,6
AACTCAGTCTGCCAGG-1,6
AACTCCCAGACCTTTG-1,2
AACTCCCAGATGTCGG-1,3
AACTCCCGTTACAGAA-1,4
AACTCCCTCAACGCTA-1,5
AACTCCCTCCAACCAA-1,2
AACTCCCTCTCGTTTA-1,1
AACTCTTAGCGCCTTG-1,2
AACTCTTCACTGTGTA-1,3
AACTCTTCATTCTTAC-1,5
AACTCTTCATTTGCCC-1,3
AACTCTTGTATGCTTG-1,2
AACTCTTGTTGTCTTT-1,4
AACTCTTGTTTAGCTG-1,3
AACTCTTTCCACGTGG-1,5
AACTCTTTCCCATTAT-1,2
AACTGGTAGATATGCA-1,5
AACTGGTAGGATATAC-1,7
AACTGGTCAGTAAGCG-1,1
AACTGGTGTATTAGCC-1,4
AACTGGTGTCCAGTGC-1,3
AACTTTCAGAAACCTA-1,6
AACTTTCAGAAGATTC-1,4
AACTTTCAGCCCTAAT-1,2
AACTTTCGTCGCCATG-1,6
AAGACCTAGAGTCGGT-1,6
AAGACCTAGCTAGTCT-1,7
AAGACCTGTACCGTAT-1,7
AAGACCTGTATGAAAC-1,6
AAGACCTTCCTCGCAT-1,1
AAGACCTTCTAACTGG-1,4
AAGACCTTCTTTAGGG-1,1
AAGCCGCAGTGCCATT-1,5
AAGCCGCAGTGTACTC-1,2
AAGCCGCCAGCATACT-1,1
AAGCCGCGTCACCTAA-1,6
AAGCCGCGTGATGTCT-1,1
AAGCCGCGTGGCGAAT-1,3
AAGCCGCTCACAAACC-1,8
AAGCCGCTCATGCAAC-1,7
AAGCCGCTCGACGGAA-1,2
AAGCCGCTCGTTACAG-1,1
AAGGAGCAGCTACCGC-1,7
AAGGAGCAGGACACCA-1,3
AAGGAGCCAAACCTAC-1,3
AAGGAGCCAAGACACG-1,3
AAGGAGCGTTTGACTG-1,4
AAGGAGCTCGATGAGG-1,7
AAGGAGCTCTTTAGTC-1,7
AAGGCAGAGTAGGTGC-1,8
AAGGCAGCAATCAGAA-1,6
AAGGCAGGTACAAGTA-1,1
AAGGCAGGTCACACGC-1,5
AAGGCAGGTCTAGCGC-1,2
AAGGTTCAGATATGCA-1,6
AAGGTTCAGCTAAGAT-1,1
AAGGTTCAGCTAGCCC-1,5
AAGGTTCGTCCAGTTA-1,2
AAGGTTCGTCGGCACT-1,4
AAGGTTCTCGGCGCAT-1,1
AAGTCTGAGCTAACAA-1,1
AAGTCTGCATCCGGGT-1,5
AATCCAGAGAACTGTA-1,7
AATCCAGAGGTGCTAG-1,6
AATCCAGCAAGCCTAT-1,5
AATCCAGCATGCATGT-1,4
AATCCAGGTAGCTCCG-1,4
AATCCAGTCACTATTC-1,1
AATCCAGTCACTTACT-1,2
AATCCAGTCCGTAGTA-1,3
AATCGGTAGCTAACAA-1,3
AATCGGTAGTGAAGAG-1,3
AATCGGTGTTCACGGC-1,2
AATCGGTTCATACGGT-1,6
AATCGGTTCCTGCCAT-1,2
AATCGGTTCTGCCCTA-1,4
ACACCAAAGAGCTGCA-1,8
ACACCAAAGGCTCATT-1,1
ACACCAACAACTGCTA-1,5
ACACCAACAGTTCATG-1,9
ACACCAAGTGACGGTA-1,4
ACACCCTCATAACCTG-1,2
ACACCCTGTTGAACTC-1,2
ACACCCTTCATTGCCC-1,2
ACACCCTTCCGAACGC-1,1
ACACCCTTCCTGCCAT-1,3
ACACCGGAGGCATTGG-1,1
ACACCGGAGGTCATCT-1,5
ACACCGGCACTTACGA-1,6
ACACCGGCAGATCTGT-1,6
ACACCGGCAGGGATTG-1,5
ACACCGGCATGCCTAA-1,4
ACACCGGGTGTCGCTG-1,3
ACACCGGGTGTGGTTT-1,4
ACACCGGTCCTCCTAG-1,2
ACACCGGTCTGTTTGT-1,2
ACACTGAAGCGTGAGT-1,5
ACACTGAAGGCATTGG-1,2
ACACTGACATCACCCT-1,1
ACACTGACATGATCCA-1,5
ACACTGAGTACCAGTT-1,3
ACACTGAGTTCCACTC-1,1
ACACTGATCTTTCCTC-1,4
ACAGCCGAGTTAGCGG-1,3
ACAGCCGCATCTGGTA-1,9
ACAGCCGGTCGCTTCT-1,1
ACAGCCGTCATACGGT-1,7
ACAGCCGTCCTACAGA-1,3
ACAGCCGTCGAGAACG-1,4
ACAGCCGTCTGGAGCC-1,2
ACAGCTACACGCTTTC-1,9
ACAGCTACAGGAATCG-1,6
ACAGCTATCCACGACG-1,8
ACAGCTATCCGCATCT-1,7
ACATACGAGCGGCTTC-1,3
ACATACGCAACGATCT-1,3
ACATACGCACTCTGTC-1,2
ACATACGCACTGAAGG-1,3
ACATACGGTATAATGG-1,2
ACATACGGTTCGTGAT-1,2
ACATACGTCATGTCTT-1,2
ACATCAGAGCAACGGT-1,5
ACATCAGAGCTGCGAA-1,2
ACATCAGGTCCAACTA-1,2
ACATCAGGTCTTGCGG-1,1
ACATCAGGTTGAACTC-1,3
ACATCAGTCACCATAG-1,3
ACATGGTAGTGGAGTC-1,1
ACATGGTCAAGTCTGT-1,1
ACATGGTCAGCCACCA-1,1
ACATGGTCATGCCTTC-1,5
ACATGGTGTACCCAAT-1,1
ACATGGTGTCCCTACT-1,5
ACATGGTGTCGAATCT-1,8
ACATGGTGTCTCATCC-1,1
ACATGGTGTTGGTAAA-1,3
ACATGGTTCACGATGT-1,2
ACATGGTTCGGTGTCG-1,4
ACATGGTTCTACCAGA-1,7
ACCAGTAAGGATGGTC-1,6
ACCAGTACAGACAGGT-1,2
ACCAGTACATCGGGTC-1,1
ACCAGTACATTACGAC-1,2
ACCAGTAGTAAATGAC-1,1
ACCAGTAGTAGTACCT-1,2
ACCAGTATCAACACCA-1,2
ACCAGTATCACATAGC-1,1
ACCAGTATCACTTACT-1,1
ACCAGTATCCGCGCAA-1,2
ACCCACTAGATCTGAA-1,7
ACCCACTAGGACAGAA-1,2
ACCCACTAGGCCCGTT-1,3
ACCCACTCACGACGAA-1,4
ACCCACTCACGACTCG-1,2
ACCCACTGTACCTACA-1,2
ACCCACTGTAGGGTAC-1,1
ACCCACTGTCAGAGGT-1,9
ACCCACTTCCGTAGGC-1,5
ACCCACTTCGGACAAG-1,2
ACCGTAAAGCGTGAGT-1,3
ACCGTAAAGTGGAGTC-1,1
ACCGTAACAAGTACCT-1,5
ACCGTAACACTTCGAA-1,2
ACCGTAACAGGGTATG-1,4
ACCGTAACATTTGCCC-1,3
ACCGTAAGTATGCTTG-1,3
ACCGTAAGTCTTGTCC-1,1
ACCGTAATCATTCACT-1,8
ACCGTAATCCGCGTTT-1,6
ACCTTTAAGCCAGTTT-1,1
ACCTTTAGTGAACCTT-1,2
ACCTTTATCGACAGCC-1,6
ACCTTTATCGTACCGG-1,3
ACCTTTATCTTCGGTC-1,9
ACGAGCCAGACTACAA-1,1
ACGAGCCAGATGCGAC-1,2
ACGAGCCCATGGAATA-1,5
ACGAGCCGTCGCGGTT-1,8
ACGAGCCGTGGTCTCG-1,1
ACGAGCCTCACTTACT-1,9
ACGAGCCTCTCAACTT-1,4
ACGAGCCTCTCGATGA-1,7
ACGAGCCTCTTCCTTC-1,2
ACGAGGAAGCCCTAAT-1,3
ACGAGGAAGCCGCCTA-1,1
ACGAGGAAGGTGATAT-1,1
ACGAGGACACGGTAGA-1,6
ACGAGGACAGATGGCA-1,5
ACGAGGAGTTTAAGCC-1,6
ACGATACAGAAGCCCA-1,5
ACGATACAGAGACTTA-1,1
ACGATACAGAGCTTCT-1,3
ACGATACAGCAGCGTA-1,5
ACGATACAGCTATGCT-1,5
ACGATACAGGGCATGT-1,2
ACGATACCAGATCTGT-1,4
ACGATACCATCAGTCA-1,4
ACGATACCATTTGCTT-1,4
ACGATACGTACGAAAT-1,1
ACGATACGTCGTTGTA-1,3
ACGATACGTTCGTGAT-1,4
ACGATGTAGCCATCGC-1,2
ACGATGTAGGCATGTG-1,6
ACGATGTCAAGGTTCT-1,2
ACGATGTCAATGGACG-1,4
ACGATGTCACCCATTC-1,1
ACGATGTCACGACTCG-1,3
ACGATGTGTTAGTGGG-1,1
ACGATGTGTTCGTGAT-1,6
ACGCAGCAGTGGACGT-1,2
ACGCAGCCAATGCCAT-1,1
ACGCAGCCAGTATGCT-1,4
ACGCAGCCATATGCTG-1,4
ACGCCAGAGGGCTCTC-1,2
ACGCCAGCATCACGAT-1,3
ACGCCAGCATTAACCG-1,1
ACGCCAGGTTGGACCC-1,1
ACGCCAGTCCAAGCCG-1,1
ACGCCAGTCTGATTCT-1,4
ACGCCGAAGAGCTGGT-1,9
ACGCCGAAGCAGGCTA-1,7
ACGCCGACAAACGTGG-1,1
ACGCCGACAAAGTCAA-1,3
ACGCCGACATTGGGCC-1,1
ACGCCGAGTACAGACG-1,6
ACGCCGAGTCATCGGC-1,8
ACGCCGAGTGTGAAAT-1,7
ACGCCGAGTTCGGCAC-1,1
ACGCCGATCAAGCCTA-1,5
ACGCCGATCTGGCGAC-1,5
ACGGAGAAGCCTTGAT-1,1
ACGGAGAAGGTGTTAA-1,3
ACGGAGACATCCGGGT-1,1
ACGGAGAGTCGGATCC-1,1
ACGGAGAGTCTTGATG-1,4
ACGGAGAGTTCCCTTG-1,6
ACGGAGATCATCTGTT-1,2
ACGGAGATCCACTCCA-1,2
ACGGAGATCCTAGTGA-1,5
ACGGAGATCTTGTACT-1,2
ACGGCCAAGAAGGACA-1,6
ACGGCCAAGACAATAC-1,7
ACGGCCAAGATGTGGC-1,9
ACGGCCAAGCGAAGGG-1,8
ACGGCCAAGGAGTACC-1,2
ACGGCCAAGTGGGATC-1,1
ACGGCCACAACCGCCA-1,7
ACGGCCACAAGCCGTC-1,1
ACGGCCACAGGAATCG-1,3
ACGGCCAGTACTCAAC-1,5
ACGGCCATCCACGAAT-1,4
ACGGCCATCGATAGAA-1,3
ACGGGCTAGAGCTATA-1,5
ACGGGCTAGCACCGTC-1,3
ACGGGCTGTCTCCATC-1,4
ACGGGCTGTGCTTCTC-1,3
ACGGGCTTCATACGGT-1,3
ACGGGCTTCGTACCGG-1,2
ACGGGTCCACAAGCCC-1,9
ACGGGTCCACATCCAA-1,2
ACGGGTCCAGACGCTC-1,6
ACGGGTCGTCGAACAG-1,6
ACGGGTCGTCTCATCC-1,1
ACGGGTCGTTTAAGCC-1,6
ACGGGTCTCCCATTAT-1,1
ACGTCAAAGCCCTAAT-1,3
ACGTCAAAGGACACCA-1,4
ACGTCAACAGCGATCC-1,6
ACGTCAACAGGCTGAA-1,4
ACGTCAACATTAACCG-1,4
ACGTCAAGTTCACGGC-1,8
ACGTCAATCATGCATG-1,5
ACTATCTCAAGTCTAC-1,1
ACTATCTCATGGGAAC-1,9
ACTATCTCATGGGACA-1,5
ACTATCTGTTCATGGT-1,5
ACTATCTTCAGCTCGG-1,8
ACTATCTTCATCGCTC-1,9
ACTATCTTCGTGACAT-1,8
ACTGAACAGATACACA-1,5
ACTGAACCAGCAGTTT-1,2
ACTGAACGTTTAGGAA-1,5
ACTGAACTCCAGAAGG-1,1
ACTGAACTCGCGCCAA-1,5
ACTGAACTCTGTCTCG-1,2
ACTGAGTAGACACGAC-1,2
ACTGAGTAGTACGCGA-1,4
ACTGAGTCAAGCGCTC-1,8
ACTGAGTCACCCAGTG-1,1
ACTGAGTCACCCATTC-1,3
ACTGAGTCAGTCAGCC-1,1
ACTGAGTGTAAACACA-1,5
ACTGAGTGTAAAGTCA-1,1
ACTGAGTTCACGGTTA-1,2
ACTGAGTTCCAAACTG-1,3
ACTGAGTTCCGAGCCA-1,1
ACTGAGTTCGGCGGTT-1,3
ACTGAGTTCTACCTGC-1,7
ACTGAGTTCTATGTGG-1,1
ACTGATGAGACACTAA-1,3
ACTGATGAGCCGCCTA-1,2
ACTGATGAGTGCCATT-1,2
ACTGATGCAGCTGTGC-1,1
ACTGATGGTGCAGACA-1,7
ACTGATGGTGGAAAGA-1,3
ACTGATGTCACTTACT-1,3
ACTGCTCCAAGCCCAC-1,2
ACTGCTCCACCAGGTC-1,1
ACTGCTCGTCATGCCG-1,1
ACTGCTCTCAAGGTAA-1,4
ACTGCTCTCCCAAGAT-1,5
ACTGCTCTCGAGAACG-1,1
ACTGCTCTCGCACTCT-1,7
ACTGTCCAGAATAGGG-1,7
ACTGTCCAGGCTAGCA-1,5
ACTGTCCAGGTGTGGT-1,1
ACTGTCCCAGAAGCAC-1,5
ACTGTCCCATCGATTG-1,1
ACTGTCCGTTTCGCTC-1,3
ACTGTCCTCCGAGCCA-1,6
ACTTACTCAACTGGCC-1,7
ACTTACTCAATCGAAA-1,4
ACTTACTCAGGGTACA-1,2
ACTTACTGTTACTGAC-1,5
ACTTACTGTTATGTGC-1,6
ACTTACTGTTCGAATC-1,3
ACTTACTTCATACGGT-1,2
ACTTGTTAGAGGACGG-1,2
ACTTGTTCAAAGGTGC-1,6
ACTTGTTCAATGGTCT-1,2
ACTTGTTGTGCAGACA-1,3
ACTTGTTGTGGGTCAA-1,1
ACTTGTTGTTCCACTC-1,3
ACTTGTTTCGTAGGTT-1,4
ACTTGTTTCTTCGGTC-1,6
ACTTTCAAGAGTGACC-1,2
ACTTTCAAGATCTGCT-1,3
ACTTTCAAGCCAGTTT-1,2
ACTTTCAAGCGTGAGT-1,1
ACTTTCAAGCGTTTAC-1,2
ACTTTCACAGCCTTTC-1,2
ACTTTCATCGCCTGAG-1,7
ACTTTCATCTGTGCAA-1,8
AGAATAGAGAAACCTA-1,8
AGAATAGAGAGTCGGT-1,5
AGAATAGAGGCGCTCT-1,1
AGAATAGAGGTTCCTA-1,6
AGAATAGCAAAGCAAT-1,6
AGAATAGCACCATCCT-1,1
AGAATAGGTAGTAGTA-1,7
AGAATAGGTCCAAGTT-1,2
AGAATAGGTGACTCAT-1,2
AGAATAGGTTGATTGC-1,5
AGAATAGTCCGAATGT-1,2
AGAATAGTCGCCCTTA-1,4
AGAATAGTCGGTCCGA-1,7
AGACGTTAGCCCTAAT-1,1
AGACGTTCAACGATGG-1,4
AGACGTTCAATAAGCA-1,1
AGACGTTCACCATGTA-1,2
AGACGTTCAGCTTAAC-1,7
AGACGTTCATTCACTT-1,1
AGACGTTTCAGGATCT-1,2
AGACGTTTCCACTGGG-1,3
AGACGTTTCCATGAAC-1,3
AGACGTTTCGAACTGT-1,4
AGACGTTTCGGTGTTA-1,2
AGACGTTTCTTACCGC-1,5
AGAGCGAAGCCAGAAC-1,3
AGAGCGACAGACGCTC-1,2
AGAGCGAGTGTGACGA-1,2
AGAGCGAGTTAGATGA-1,9
AGAGCGATCGAATCCA-1,1
AGAGCTTAGGACGAAA-1,9
AGAGCTTCATGTTGAC-1,4
AGAGCTTTCAAAGTAG-1,7
AGAGCTTTCGACGGAA-1,5
AGAGCTTTCGCAAACT-1,2
AGAGTGGAGTTAGCGG-1,2
AGAGTGGCAGTAAGAT-1,3
AGAGTGGGTGTTGGGA-1,1
AGAGTGGTCCCATTAT-1,3
AGATCTGAGAGACGAA-1,1
AGATCTGAGGTTACCT-1,3
AGATCTGCAATAGCGG-1,9
AGATCTGCACCTCGGA-1,2
AGATCTGGTCAATACC-1,6
AGATCTGGTCACACGC-1,3
AGATCTGTCACGGTTA-1,6
AGATCTGTCCACGTTC-1,7
AGATCTGTCGCCATAA-1,3
AGATCTGTCTCGGACG-1,3
AGATTGCAGGCTAGGT-1,2
AGATTGCAGGCTCTTA-1,8
AGATTGCTCATCATTC-1,2
AGATTGCTCCCAACGG-1,2
AGATTGCTCCGAACGC-1,6
AGATTGCTCTTAGAGC-1,3
AGCAGCCAGACTGTAA-1,3
AGCAGCCAGCCAGTTT-1,2
AGCAGCCCAACACCTA-1,3
AGCAGCCCACCTGGTG-1,2
AGCAGCCCAGGTGGAT-1,6
AGCAGCCTCAGGCCCA-1,3
AGCAGCCTCTTGTCAT-1,4
AGCATACAGATGTGGC-1,4
AGCATACAGTACATGA-1,4
AGCATACCAGATCCAT-1,5
AGCATACCATAGAAAC-1,1
AGCATACGTAGCGTCC-1,6
AGCATACGTGACGGTA-1,2
AGCCTAAAGCGTAGTG-1,8
AGCCTAAAGTTGTCGT-1,1
AGCCTAACAGCGATCC-1,6
AGCCTAACAGCTGTTA-1,5
AGCCTAACATCGGACC-1,2
AGCCTAAGTAAGAGAG-1,1
AGCCTAAGTGTATGGG-1,3
AGCCTAATCCAGAGGA-1,2
AGCCTAATCCATGAGT-1,5
AGCCTAATCGGAAACG-1,4
AGCCTAATCTAACCGA-1,5
AGCCTAATCTCAAGTG-1,6
AGCGGTCAGCGTCTAT-1,1
AGCGGTCAGCTAGCCC-1,2
AGCGGTCAGGACGAAA-1,6
AGCGGTCAGTGGAGAA-1,7
AGCGGTCCAATGGATA-1,5
AGCGGTCCAGCAGTTT-1,1
AGCGGTCGTACCGCTG-1,7
AGCGGTCGTGCATCTA-1,4
AGCGGTCTCAGCAACT-1,1
AGCGGTCTCCGTCATC-1,6
AGCGGTCTCCTGCAGG-1,1
AGCGGTCTCCTGTAGA-1,5
AGCGGTCTCTGATTCT-1,2
AGCGGTCTCTTGTTTG-1,6
AGCGTATAGAAACCGC-1,5
AGCGTATAGCTGTCTA-1,7
AGCGTATAGGGAGTAA-1,4
AGCGTATCACATAACC-1,4
AGCGTATCACGGCGTT-1,3
AGCGTATCAGCAGTTT-1,1
AGCGTATGTCATATGC-1,1
AGCGTATGTCCGAAGA-1,3
AGCGTATGTCGAATCT-1,6
AGCGTATTCAAACCAC-1,1
AGCGTATTCCCTGACT-1,4
AGCGTCGAGAATGTTG-1,8
AGCGTCGAGGGAAACA-1,4
AGCGTCGCAAGTACCT-1,4
AGCGTCGCACAGAGGT-1,9
AGCGTCGTCTGAGTGT-1,4
AGCTCCTCAAAGAATC-1,6
AGCTCCTCAAGTTGTC-1,1
AGCTCCTCACGACGAA-1,6
AGCTCCTCAGTAAGCG-1,4
AGCTCCTGTAGCGTAG-1,1
AGCTCCTGTCCGAAGA-1,2
AGCTCCTGTGCGGTAA-1,3
AGCTCCTGTTGAGTTC-1,1
AGCTCCTTCGGTTCGG-1,3
AGCTCTCAGATGAGAG-1,1
AGCTCTCAGGGTATCG-1,2
AGCTCTCAGTTTCCTT-1,7
AGCTCTCCAATCCAAC-1,7
AGCTCTCCAGACGCCT-1,5
AGCTCTCCAGGAATCG-1,4
AGCTCTCCATCATCCC-1,1
AGCTCTCTCGGCCGAT-1,2
AGCTTGAAGAGTACAT-1,7
AGCTTGAAGCAATCTC-1,2
AGCTTGAAGCTAGTCT-1,2
AGCTTGACACAGATTC-1,2
AGCTTGACAGCTATTG-1,3
AGCTTGATCTGCCAGG-1,2
AGGCCACAGGCGATAC-1,4
AGGCCACAGTCGATAA-1,3
AGGCCACCATCACGTA-1,1
AGGCCACCATTACGAC-1,3
AGGCCACTCAGCTGGC-1,1
AGGCCACTCATGCTCC-1,1
AGGCCACTCGTCACGG-1,1
AGGCCACTCTCTGAGA-1,1
AGGCCGTAGGACCACA-1,7
AGGCCGTCACGGATAG-1,3
AGGCCGTCAGTCCTTC-1,3
AGGCCGTCATTGTGCA-1,2
AGGCCGTGTTGTCTTT-1,3
AGGCCGTTCGCAGGCT-1,5
AGGCCGTTCGTTTGCC-1,1
AGGCCGTTCTTACCGC-1,1
AGGCCGTTCTTGAGGT-1,8
AGGGAGTAGATATGCA-1,9
AGGGAGTAGATGTGTA-1,4
AGGGAGTCACTATCTT-1,6
AGGGAGTCATGATCCA-1,5
AGGGAGTGTACGCACC-1,6
AGGGAGTGTCTAGTCA-1,1
AGGGATGAGCGGCTTC-1,3
AGGGATGAGGTAGCTG-1,1
AGGGATGAGTTGTCGT-1,3
AGGGATGCAATACGCT-1,2
AGGGATGGTCCCTACT-1,4
AGGGATGGTCTGCCAG-1,2
AGGGATGGTTCTGTTT-1,2
AGGGATGTCATCATTC-1,7
AGGGATGTCCGTAGGC-1,2
AGGGATGTCTTGTCAT-1,2
AGGGTGAAGAGAACAG-1,7
AGGGTGAAGTGAACGC-1,3
AGGGTGAAGTTACCCA-1,5
AGGGTGAGTCACAAGG-1,6
AGGGTGAGTCTCTTAT-1,3
AGGGTGATCATCTGCC-1,3
AGGGTGATCCTCAATT-1,5
AGGGTGATCGGCCGAT-1,2
AGGGTGATCGTCTGCT-1,2
AGGGTGATCTGAGGGA-1,5
AGGTCATCAGGGTTAG-1,6
AGGTCATCATTCCTGC-1,7
AGGTCATGTACTCAAC-1,2
AGGTCATGTCACAAGG-1,5
AGGTCATGTTACGGAG-1,5
AGGTCATTCACAGTAC-1,7
AGGTCATTCTTATCTG-1,2
AGGTCCGAGTCTTGCA-1,6
AGGTCCGCAACCGCCA-1,3
AGGTCCGCATCATCCC-1,6
AGGTCCGGTTCAGGCC-1,5
AGGTCCGGTTGCGTTA-1,5
AGTAGTCAGCAAATCA-1,4
AGTAGTCCATATGAGA-1,6
AGTAGTCCATTGGGCC-1,2
AGTAGTCGTACCGTAT-1,5
AGTAGTCTCATTCACT-1,5
AGTAGTCTCGGAATCT-1,2
AGTAGTCTCGGCGCTA-1,5
AGTAGTCTCTAACTTC-1,1
AGTCTTTGTCGGGTCT-1,3
AGTCTTTGTCGTGGCT-1,3
AGTCTTTGTGACCAAG-1,4
AGTCTTTTCCCGACTT-1,3
AGTCTTTTCCTCAACC-1,4
AGTGAGGGTGCCTTGG-1,1
AGTGAGGGTTACAGAA-1,7
AGTGAGGTCTGCGTAA-1,3
AGTGGGAAGCGCTTAT-1,2
AGTGGGAAGGGAGTAA-1,3
AGTGGGAGTAAAGGAG-1,2
AGTGGGAGTAGAGTGC-1,3
AGTGGGAGTATAATGG-1,2
AGTGGGAGTCTAGCGC-1,9
AGTGGGATCGCTGATA-1,1
AGTGTCACAAGCGAGT-1,8
AGTGTCACACGTCAGC-1,7
AGTGTCACATGTTCCC-1,4
AGTGTCAGTAGCTTGT-1,2
AGTGTCAGTTGTGGCC-1,6
AGTTGGTAGAAACGAG-1,7
AGTTGGTAGCCACGTC-1,2
AGTTGGTAGCCCAACC-1,1
AGTTGGTAGTCTCCTC-1,1
AGTTGGTAGTGTACCT-1,6
AGTTGGTCAGCCAGAA-1,5
AGTTGGTCATCCCACT-1,4
AGTTGGTCATGCGCAC-1,8
AGTTGGTCATGTCCTC-1,3
AGTTGGTCATTGGCGC-1,7
AGTTGGTTCAGCGATT-1,1
AGTTGGTTCCTTTACA-1,1
ATAACGCGTCTTCGTC-1,1
ATAACGCGTCTTGATG-1,2
ATAACGCTCAACACAC-1,9
ATAACGCTCGGATGGA-1,8
ATAACGCTCTGGTTCC-1,1
ATAAGAGCAGATTGCT-1,6
ATAAGAGCAGGAATGC-1,2
ATAAGAGCAGGACCCT-1,3
ATAAGAGGTAGCGTGA-1,6
ATAAGAGGTCTGCCAG-1,6
ATAAGAGGTTCACCTC-1,4
ATAAGAGGTTCCATGA-1,5
ATAAGAGGTTGAGTTC-1,3
ATAAGAGTCACTTATC-1,3
ATAAGAGTCAGCAACT-1,5
ATAAGAGTCATCTGCC-1,1
ATAAGAGTCCAGTAGT-1,4
ATAAGAGTCGAGAGCA-1,4
ATAGACCAGGAATTAC-1,9
ATAGACCAGGACACCA-1,1
ATAGACCAGGCAATTA-1,2
ATAGACCCAAAGGCGT-1,6
ATAGACCGTTAGGGTG-1,3
ATAGACCTCAAACCGT-1,5
ATAGACCTCACTTACT-1,2
ATAGACCTCAGTTAGC-1,7
ATAGACCTCCCTAACC-1,3
ATCACGAAGAAACCAT-1,1
ATCACGAAGTGAAGAG-1,4
ATCACGAGTCAACATC-1,1
ATCACGAGTGAAGGCT-1,8
ATCACGATCATTGCCC-1,1
ATCACGATCCCATTAT-1,4
ATCACGATCCCTGACT-1,3
ATCATCTAGGACAGAA-1,5
ATCATCTCACCGGAAA-1,3
ATCATCTCATATACCG-1,4
ATCATCTCATCATCCC-1,1
ATCATCTGTCTCAACA-1,4
ATCATCTGTTGCCTCT-1,3
ATCATCTTCAATAAGG-1,5
ATCATGGAGTCACGCC-1,4
ATCATGGAGTTGTCGT-1,2
ATCATGGGTCCAAGTT-1,1
ATCATGGGTCTCACCT-1,5
ATCATGGGTGAGGCTA-1,3
ATCATGGGTTCTGTTT-1,8
ATCATGGTCGTAGATC-1,4
ATCCACCAGTACATGA-1,4
ATCCACCCAACTGCGC-1,1
ATCCACCCACGGTAGA-1,1
ATCCACCCAGTAGAGC-1,5
ATCCACCGTCAGAAGC-1,1
ATCCACCTCTCCTATA-1,1
ATCCGAACAAACAACA-1,4
ATCCGAACAAGCCCAC-1,5
ATCCGAACAAGCTGAG-1,6
ATCCGAACATCTATGG-1,1
ATCCGAACATCTCCCA-1,7
ATCCGAACATGGGACA-1,1
ATCCGAAGTCACACGC-1,5
ATCCGAAGTCGGATCC-1,6
ATCCGAAGTGTGAAAT-1,2
ATCCGAAGTGTGACCC-1,9
ATCCGAATCATACGGT-1,1
ATCCGAATCTGTACGA-1,3
ATCGAGTAGTCTCGGC-1,4
ATCGAGTGTCAGTGGA-1,1
ATCGAGTTCAACGAAA-1,4
ATCGAGTTCACCGTAA-1,2
ATCGAGTTCCCAAGAT-1,4
ATCTACTAGTGAAGTT-1,2
ATCTACTCAAGAGGCT-1,6
ATCTACTCACAGAGGT-1,5
ATCTACTCATGCCTAA-1,7
ATCTACTGTACGACCC-1,2
ATCTACTGTGATGTCT-1,1
ATCTACTGTTCTGAAC-1,3
ATCTGCCAGAAACGAG-1,8
ATCTGCCAGAGCTTCT-1,1
ATCTGCCAGTCCGGTC-1,3
ATCTGCCGTGACGCCT-1,6
ATCTGCCGTTCGCTAA-1,1
ATCTGCCGTTCGTCTC-1,7
ATCTGCCTCTACCTGC-1,6
ATCTGCCTCTGTCCGT-1,5
ATGAGGGAGAAGGACA-1,1
ATGAGGGAGACAATAC-1,4
ATGAGGGAGTACGTAA-1,9
ATGAGGGAGTGTACGG-1,8
ATGAGGGCACATGGGA-1,8
ATGAGGGGTAAGTGGC-1,2
ATGCGATAGCAGGCTA-1,6
ATGCGATCAATGAAAC-1,1
ATGCGATCACGGACAA-1,6
ATGCGATGTAAACGCG-1,5
ATGCGATGTAGCCTCG-1,6
ATGCGATGTCGACTGC-1,2
ATGCGATGTGAACCTT-1,9
ATGCGATGTGACGCCT-1,4
ATGCGATGTGCTGTAT-1,9
ATGCGATTCTGTCTAT-1,2
ATGCGATTCTTGACGA-1,4
ATGGGAGAGCCTATGT-1,1
ATGGGAGCACCCAGTG-1,9
ATGGGAGCACCGAATT-1,4
ATGGGAGCACGGTAGA-1,8
ATGGGAGCACTTACGA-1,6
ATGGGAGCAGAGTGTG-1,5
ATGGGAGGTGTGGCTC-1,2
ATGGGAGGTTATGCGT-1,4
ATGGGAGTCATCTGTT-1,8
ATGGGAGTCTTATCTG-1,3
ATGGGAGTCTTGCATT-1,7
ATGGGAGTCTTTAGTC-1,2
ATGTGTGAGCAATCTC-1,4
ATGTGTGAGGTGATTA-1,2
ATGTGTGCAATAACGA-1,1
ATGTGTGCACGAGAGT-1,3
ATGTGTGCATCACGTA-1,4
ATGTGTGGTCAAGCGA-1,5
ATGTGTGGTCGGGTCT-1,3
ATGTGTGGTTGTTTGG-1,5
ATTACTCAGCGTGAGT-1,8
ATTACTCAGGACGAAA-1,2
ATTACTCCATCTATGG-1,1
ATTACTCGTAGCTGCC-1,6
ATTACTCTCATAACCG-1,3
ATTACTCTCGTCGTTC-1,7
ATTATCCAGTGCGATG-1,4
ATTATCCCACTTCTGC-1,5
ATTATCCGTCATGCCG-1,4
ATTATCCGTGCCTGGT-1,3
ATTATCCGTTGTACAC-1,2
ATTCTACAGTGTACGG-1,6
ATTCTACCACCACCAG-1,6
ATTCTACGTAAGTGGC-1,2
ATTCTACGTGCTGTAT-1,9
ATTCTACTCCGGCACA-1,2
ATTCTACTCGTGACAT-1,1
ATTCTACTCTAACGGT-1,1
ATTGGACAGAAGGACA-1,8
ATTGGACAGTAGCCGA-1,1
ATTGGACCAGCCAATT-1,1
ATTGGTGAGAGCCTAG-1,2
ATTGGTGAGGGATCTG-1,2
ATTGGTGAGTGTTTGC-1,5
ATTGGTGCAATGGATA-1,5
ATTGGTGCACAGATTC-1,4
ATTGGTGCAGGACGTA-1,4
ATTGGTGCATTACGAC-1,6
ATTGGTGGTCTCGTTC-1,4
ATTGGTGGTTGGTGGA-1,5
ATTGGTGTCATCGGAT-1,7
ATTGGTGTCATTGCCC-1,8
ATTGGTGTCCGTAGGC-1,7
ATTTCTGAGAAACGCC-1,1
ATTTCTGCACGTCTCT-1,9
ATTTCTGGTATGCTTG-1,5
ATTTCTGGTCCCGACA-1,2
ATTTCTGGTTGGACCC-1,1
ATTTCTGTCATGTCTT-1,3
ATTTCTGTCGCCAGCA-1,1
ATTTCTGTCTATCCTA-1,6
CAACCAAAGAAGGTGA-1,5
CAACCAAAGAGGTTAT-1,5
CAACCAAAGGGTGTTG-1,6
CAACCAAGTAAAGTCA-1,8
CAACCAAGTCAATGTC-1,1
CAACCAAGTCCAGTAT-1,8
CAACCAATCCATGCTC-1,1
CAACCAATCCCATTTA-1,2
CAACCAATCCGCGCAA-1,1
CAACCTCAGAGTAATC-1,2
CAACCTCCACACCGCA-1,7
CAACCTCCACTTAAGC-1,4
CAACCTCCAGTAAGAT-1,1
CAACCTCGTGCTTCTC-1,2
CAACCTCGTTCAGGCC-1,4
CAACCTCTCGTCGTTC-1,1
CAACCTCTCTAACTCT-1,6
CAACTAGAGAACAATC-1,3
CAACTAGAGACTTGAA-1,3
CAACTAGAGCCCGAAA-1,6
CAACTAGCACCACGTG-1,2
CAACTAGCAGATGAGC-1,1
CAACTAGCATCCAACA-1,4
CAACTAGCATGAACCT-1,3
CAACTAGGTACGCACC-1,3
CAACTAGTCCACTGGG-1,6
CAACTAGTCTGGTATG-1,2
CAAGAAAAGAGCCTAG-1,3
CAAGAAAAGATGTGTA-1,2
CAAGAAAAGGCTATCT-1,3
CAAGAAAAGGTACTCT-1,1
CAAGAAAAGTACATGA-1,8
CAAGAAAAGTTTCCTT-1,2
CAAGAAACAACACCCG-1,4
CAAGAAACAGTTTACG-1,1
CAAGAAACATCCCATC-1,1
CAAGAAAGTTAAGACA-1,3
CAAGAAATCAGGTTCA-1,4
CAAGAAATCTCAAGTG-1,3
CAAGAAATCTTGTACT-1,7
CAAGATCAGAAGAAGC-1,5
CAAGATCAGAAGGTGA-1,3
CAAGATCAGTGGACGT-1,8
CAAGATCCAAGTCTAC-1,3
CAAGATCCACCGTTGG-1,1
CAAGATCCAGGCTCAC-1,3
CAAGATCCATTCGACA-1,8
CAAGATCTCTGCAGTA-1,5
CAAGGCCCACCAGCAC-1,3
CAAGGCCCACGGCTAC-1,2
CAAGGCCCATTTCAGG-1,1
CAAGGCCGTACTCAAC-1,6
CAAGGCCGTTGTGGCC-1,4
CAAGTTGAGCCACCTG-1,4
CAAGTTGAGCTCTCGG-1,7
CAAGTTGCAAACCTAC-1,2
CAAGTTGCAAGAGGCT-1,6
CAAGTTGGTCTTGTCC-1,4
CAAGTTGGTGGCGAAT-1,4
CAAGTTGGTGGGTATG-1,1
CAAGTTGTCACAGTAC-1,2
CACAAACAGCCGGTAA-1,9
CACAAACAGGATGCGT-1,5
CACAAACAGGTAGCTG-1,7
CACAAACAGTCCGGTC-1,3
CACAAACCATACCATG-1,8
CACAAACCATTGCGGC-1,3
CACAAACGTCAAGCGA-1,8
CACACAAAGATCGGGT-1,7
CACACAAAGTTAAGTG-1,6
CACACAACAAAGGAAG-1,9
CACACAACAGCGTAAG-1,8
CACACAAGTAGTGAAT-1,1
CACACAAGTCAACATC-1,3
CACACCTAGCCTATGT-1,7
CACACCTGTCCAGTGC-1,1
CACACCTGTGCGAAAC-1,9
CACACCTTCACCGTAA-1,1
CACACCTTCATATCGG-1,1
CACACCTTCATCACCC-1,7
CACACCTTCGTGACAT-1,4
CACACCTTCTTGAGGT-1,2
CACACTCAGCACCGTC-1,1
CACACTCAGTACTTGC-1,8
CACACTCAGTAGGCCA-1,3
CACACTCCAGATCTGT-1,5
CACACTCCATCACGAT-1,1
CACACTCCATTCTTAC-1,6
CACAGGCAGCAGGCTA-1,4
CACAGGCCATGTCGAT-1,7
CACAGGCGTCATCCCT-1,6
CACAGTAAGACCTAGG-1,3
CACAGTAAGATCCGAG-1,1
CACAGTACAAGTCTGT-1,3
CACAGTACACAACGCC-1,5
CACAGTACATCTCCCA-1,4
CACAGTAGTGAGCGAT-1,9
CACAGTAGTTCACGGC-1,2
CACATAGAGGACTGGT-1,3
CACATAGAGGCATGTG-1,3
CACATAGCAAAGCGGT-1,7
CACATAGCACGTCTCT-1,1
CACATAGCATCTCCCA-1,3
CACATAGTCAAAGTAG-1,1
CACATTTCAATCGGTT-1,1
CACATTTCAGTCCTTC-1,7
CACATTTCATTAACCG-1,8
CACATTTGTAGCTCCG-1,1
CACATTTGTCTCGTTC-1,1
CACCACTAGCACCGTC-1,2
CACCACTAGTGGGCTA-1,1
CACCACTCACGCATCG-1,5
CACCACTCAGGACGTA-1,4
CACCACTGTAGGGACT-1,1
CACCACTGTCAGAGGT-1,6
CACCACTGTCCTGCTT-1,4
CACCACTGTCTCCCTA-1,4
CACCACTTCTACGAGT-1,6
CACCAGGAGCTCCCAG-1,1
CACCAGGAGTAGATGT-1,4
CACCAGGCACAGGCCT-1,3
CACCAGGGTGAGGCTA-1,7
CACCAGGGTGTGACGA-1,5
CACCAGGTCATCGCTC-1,6
CACCAGGTCCAAATGC-1,8
CACCTTGAGGAGTACC-1,2
CACCTTGAGGGTCGAT-1,6
CACCTTGCAAACGCGA-1,5
CACCTTGCAGCTTAAC-1,5
CACCTTGGTTGGTTTG-1,5
CACTCCAAGCGCCTCA-1,8
CACTCCACACGGCCAT-1,2
CACTCCACATTAGCCA-1,7
CACTCCAGTCTCCCTA-1,4
CACTCCAGTTGGAGGT-1,5
CACTCCATCGTCCGTT-1,1
CACTCCATCTGGTGTA-1,2
CAGAATCAGAAGGTGA-1,8
CAGAATCAGAGTCTGG-1,3
CAGAATCCAAGGTTTC-1,1
CAGAATCCAGATGGGT-1,2
CAGAATCCATGGTCAT-1,7
CAGAATCGTATGCTTG-1,8
CAGAATCGTCGCTTCT-1,8
CAGAATCGTCTAACGT-1,2
CAGAATCGTTCGCGAC-1,4
CAGAATCTCACGACTA-1,4
CAGAATCTCTCTGCTG-1,1
CAGAGAGAGCAGGCTA-1,4
CAGAGAGAGCTAGTTC-1,4
CAGAGAGAGGCCCTCA-1,2
CAGAGAGCACGGCTAC-1,1
CAGAGAGGTACAGCAG-1,5
CAGAGAGGTGTATGGG-1,5
CAGAGAGGTGTTAAGA-1,6
CAGAGAGGTTCCACAA-1,3
CAGAGAGTCCCTCTTT-1,3
CAGAGAGTCGAACGGA-1,6
CAGATCACAAGGCTCC-1,4
CAGATCACACCGAATT-1,2
CAGATCACATAGGATA-1,1
CAGATCAGTCATACTG-1,5
CAGATCAGTGAACCTT-1,6
CAGATCATCAACGGCC-1,9
CAGATCATCACGACTA-1,9
CAGATCATCATGCTCC-1,3
CAGATCATCATTTGGG-1,2
CAGCAGCAGAGTACAT-1,1
CAGCAGCAGCCACGCT-1,6
CAGCAGCAGTTGAGTA-1,4
CAGCAGCGTATGAATG-1,6
CAGCAGCGTCATATGC-1,4
CAGCATAAGCAGGTCA-1,8
CAGCATAAGGAGTTGC-1,7
CAGCATAAGGATATAC-1,9
CAGCATAAGTGGTAGC-1,5
CAGCATACATCTACGA-1,2
CAGCATACATGTCGAT-1,5
CAGCATAGTGTGCGTC-1,4
CAGCATAGTTGCGTTA-1,1
CAGCATATCACAGGCC-1,1
CAGCCGAAGAAAGTGG-1,4
CAGCCGAAGAATAGGG-1,2
CAGCCGAAGAGCTGCA-1,3
CAGCCGAAGCTCTCGG-1,1
CAGCCGAAGGAATTAC-1,5
CAGCCGACAGCTATTG-1,7
CAGCCGACATGTAAGA-1,2
CAGCCGAGTTCGTCTC-1,2
CAGCCGATCCCTGACT-1,5
CAGCCGATCGTTACAG-1,8
CAGCGACAGACAAAGG-1,1
CAGCGACAGATGCGAC-1,6
CAGCGACCAGGAACGT-1,3
CAGCGACGTTCACGGC-1,2
CAGCGACTCATTGCGA-1,6
CAGCGACTCGTCTGCT-1,8
CAGCTAAAGGGTTTCT-1,1
CAGCTAAAGGTGACCA-1,4
CAGCTAACATCACGAT-1,1
CAGCTAATCCTGTAGA-1,2
CAGCTAATCTAACGGT-1,4
CAGCTAATCTGGTTCC-1,3
CAGCTGGAGAATTCCC-1,7
CAGCTGGAGCTCCTTC-1,1
CAGCTGGCAAGTAGTA-1,8
CAGCTGGCACAGCGTC-1,6
CAGCTGGGTCCGACGT-1,3
CAGCTGGGTCTGCAAT-1,6
CAGGTGCAGAGGTAGA-1,5
CAGGTGCCACAGGCCT-1,8
CAGGTGCGTACCGTAT-1,3
CAGGTGCGTCGGCACT-1,3
CAGGTGCGTTTGACTG-1,4
CAGGTGCTCACAATGC-1,6
CAGTAACAGAAGGACA-1,4
CAGTAACAGTATGACA-1,7
CAGTAACCAACTGCTA-1,8
CAGTAACCAAGCCGCT-1,2
CAGTAACCACATCCGG-1,4
CAGTAACCAGCATGAG-1,9
CAGTAACCATGTCTCC-1,2
CAGTAACGTAAGTTCC-1,1
CAGTAACGTGACGCCT-1,2
CAGTCCTAGGATCGCA-1,9
CAGTCCTAGTCGTTTG-1,4
CAGTCCTAGTGTGGCA-1,5
CAGTCCTCAAGAGGCT-1,7
CAGTCCTCAATGTTGC-1,2
CAGTCCTGTACCGAGA-1,1
CAGTCCTGTCACACGC-1,2
CAGTCCTGTGAACCTT-1,5
CAGTCCTGTTAAGATG-1,1
CAGTCCTTCACCACCT-1,6
CAGTCCTTCTGAAAGA-1,7
CATATGGAGTCGATAA-1,6
CATATGGTCCCTTGTG-1,1
CATATGGTCTGTCCGT-1,9
CATATTCAGACAGAGA-1,7
CATATTCCACAGATTC-1,5
CATATTCCAGACGCAA-1,7
CATATTCCAGGGTACA-1,3
CATATTCCATGAACCT-1,4
CATATTCGTCAGTGGA-1,2
CATATTCGTTCCTCCA-1,1
CATATTCTCGACCAGC-1,8
CATATTCTCGTCCAGG-1,6
CATCAAGAGCTAGTGG-1,2
CATCAAGAGTTACGGG-1,4
CATCAAGGTATAATGG-1,5
CATCAAGGTCTAAACC-1,7
CATCAAGTCACAGGCC-1,2
CATCAAGTCACGGTTA-1,7
CATCAAGTCCTCGCAT-1,4
CATCAAGTCGTGGGAA-1,3
CATCAGAAGAATCTCC-1,7
CATCAGAAGCACCGTC-1,2
CATCAGAAGTTACGGG-1,5
CATCAGACAGCTCCGA-1,2
CATCAGAGTCACAAGG-1,8
CATCAGAGTGCCTGGT-1,8
CATCAGATCTCCGGTT-1,9
CATCCACAGTGTACTC-1,2
CATCCACAGTTAGCGG-1,7
CATCCACCACTACAGT-1,2
CATCCACCAGGATCGA-1,2
CATCCACCATACAGCT-1,1
CATCCACCATGGTTGT-1,1
CATCGAAAGCAATATG-1,1
CATCGAACAATGGAGC-1,6
CATCGAACATTTGCCC-1,2
CATCGAAGTTGACGTT-1,1
CATCGAATCCAGAGGA-1,1
CATCGGGAGAGAACAG-1,4
CATCGGGAGCTACCGC-1,1
CATCGGGAGTGTCCAT-1,2
CATCGGGAGTTCCACA-1,2
CATCGGGGTCTCCATC-1,4
CATCGGGTCAGTTAGC-1,6
CATCGGGTCCAAACAC-1,1
CATGACAAGGCTCAGA-1,7
CATGACAAGTCCAGGA-1,1
CATGACAGTGCTAGCC-1,4
CATGACATCAGAGCTT-1,2
CATGACATCGACAGCC-1,2
CATGCCTAGATGGGTC-1,6
CATGCCTAGCTCAACT-1,7
CATGCCTAGGCGACAT-1,3
CATGCCTGTATGGTTC-1,7
CATGCCTGTCAAAGCG-1,5
CATGCCTGTCCTGCTT-1,6
CATGCCTGTCGACTAT-1,1
CATGCCTTCAGTTTGG-1,2
CATGCCTTCTCTGAGA-1,4
CATGGCGAGACCTTTG-1,1
CATGGCGAGAGAGCTC-1,3
CATGGCGCAACTGCGC-1,3
CATGGCGCAAGGTGTG-1,3
CATGGCGGTCAAAGCG-1,3
CATGGCGGTTGTACAC-1,3
CATGGCGTCAACACAC-1,5
CATTATCAGCAGGCTA-1,2
CATTATCAGGACCACA-1,3
CATTATCCAGCGTCCA-1,5
CATTATCCAGCTGTAT-1,3
CATTATCGTCTGCGGT-1,6
CATTATCGTGAGTATA-1,4
CATTATCTCATGCATG-1,5
CATTATCTCCGGGTGT-1,5
CATTCGCAGACATAAC-1,3
CATTCGCCAATGACCT-1,2
CATTCGCCACCAGGCT-1,6
CATTCGCCAGATCCAT-1,7
CATTCGCGTAAATGTG-1,6
CATTCGCGTTATCACG-1,2
CATTCGCGTTGGTAAA-1,5
CATTCGCTCATTGCGA-1,7
CATTCGCTCCCAAGAT-1,8
CATTCGCTCCGAACGC-1,2
CCAATCCAGAGACTTA-1,1
CCAATCCAGGTAAACT-1,5
CCAATCCAGTGGTCCC-1,3
CCAATCCCAACACCTA-1,6
CCAATCCCAGGGCATA-1,6
CCAATCCGTTACTGAC-1,4
CCAATCCTCGGTGTCG-1,8
CCACCTAAGATAGTCA-1,2
CCACCTAAGCGCTTAT-1,2
CCACCTACAAGTCATC-1,1
CCACCTACATATACCG-1,9
CCACCTACATGGTTGT-1,4
CCACCTAGTAGTACCT-1,1
CCACCTAGTCAGAAGC-1,7
CCACCTAGTTTACTCT-1,5
CCACCTATCCGCAAGC-1,2
CCACCTATCGAACTGT-1,8
CCACCTATCTGTCTCG-1,8
CCACCTATCTTCAACT-1,5
CCACGGAAGCTCAACT-1,2
CCACGGAAGCTGCAAG-1,2
CCACGGAAGTCTCCTC-1,4
CCACGGACAGATCCAT-1,1
CCACGGACAGCTTAAC-1,8
CCACGGACATTTCACT-1,2
CCACGGAGTGTCAATC-1,9
CCACGGAGTTCACGGC-1,6
CCACGGATCAACACCA-1,1
CCACTACAGCAATATG-1,6
CCACTACAGTAGATGT-1,8
CCACTACCACATTCGA-1,2
CCACTACCACTCTGTC-1,4
CCACTACCAGTAAGCG-1,2
CCACTACGTAGGCTGA-1,7
CCACTACTCACCAGGC-1,2
CCACTACTCCTTCAAT-1,2
CCAGCGAAGACTTGAA-1,5
CCAGCGAAGATACACA-1,3
CCAGCGAAGGCGATAC-1,2
CCAGCGAAGGGTGTTG-1,7
CCAGCGACAAGACACG-1,8
CCAGCGACATCCTTGC-1,1
CCAGCGACATCGATTG-1,8
CCAGCGAGTACCGAGA-1,1
CCAGCGATCGTACCGG-1,1
CCATGTCCACCACCAG-1,4
CCATGTCGTACATCCA-1,1
CCATGTCTCCAACCAA-1,1
CCATGTCTCTTGTTTG-1,7
CCATTCGAGAATGTGT-1,3
CCATTCGAGGATGGAA-1,1
CCATTCGAGTGTGAAT-1,5
CCATTCGCATATACGC-1,1
CCATTCGGTAACGACG-1,3
CCATTCGTCAAACCAC-1,4
CCATTCGTCGTCTGAA-1,2
CCCAATCAGACTAAGT-1,7
CCCAATCAGACTTGAA-1,4
CCCAATCAGCCGTCGT-1,2
CCCAATCAGCGATAGC-1,1
CCCAATCCACCAACCG-1,5
CCCAATCCAGGAATGC-1,2
CCCAATCCAGGATCGA-1,3
CCCAGTTCATCCTAGA-1,8
CCCAGTTCATGTTGAC-1,3
CCCAGTTGTCGAATCT-1,2
CCCAGTTGTCTCTCTG-1,2
CCCATACCATACTACG-1,6
CCCATACGTCCAAGTT-1,3
CCCATACGTTCTGAAC-1,2
CCCATACTCCTCTAGC-1,5
CCCTCCTAGCGGCTTC-1,1
CCCTCCTCAAGCCATT-1,1
CCCTCCTCACGAGAGT-1,8
CCCTCCTGTTTGTTTC-1,1
CCGGGATAGAGAACAG-1,4
CCGGGATAGAGAGCTC-1,2
CCGGGATAGAGTAAGG-1,2
CCGGGATAGATATACG-1,1
CCGGGATAGTGGTCCC-1,5
CCGGGATCAAGTTGTC-1,9
CCGGGATCACGTTGGC-1,8
CCGGGATCAGTCGTGC-1,4
CCGGGATCATGAAGTA-1,1
CCGGGATGTTAAGACA-1,3
CCGGGATTCCGCAAGC-1,7
CCGGTAGAGATCGATA-1,1
CCGGTAGAGCCACCTG-1,1
CCGGTAGAGTACCGGA-1,3
CCGGTAGAGTCCCACG-1,2
CCGGTAGGTCTCTCGT-1,5
CCGGTAGGTTATGTGC-1,4
CCGGTAGTCAGCAACT-1,1
CCGGTAGTCCTTGCCA-1,1
CCGTACTAGGCATGTG-1,1
CCGTACTAGGGTATCG-1,3
CCGTACTCAAGCCCAC-1,5
CCGTACTTCTCGTATT-1,3
CCGTGGAAGACCGGAT-1,1
CCGTGGAAGGGTATCG-1,3
CCGTGGAAGTGACATA-1,7
CCGTGGACACGAAAGC-1,6
CCGTGGACAGACAAAT-1,8
CCGTGGAGTGAGGGTT-1,9
CCGTGGAGTGCAACTT-1,4
CCGTGGAGTGCACGAA-1,6
CCGTGGATCAAACCGT-1,5
CCGTGGATCGTGGGAA-1,3
CCGTGGATCTCATTCA-1,9
CCGTTCAAGGCGCTCT-1,2
CCGTTCACACAGCCCA-1,3
CCGTTCACACCAGCAC-1,1
CCGTTCACAGCGTCCA-1,3
CCGTTCACAGGACCCT-1,1
CCGTTCAGTGGAAAGA-1,5
CCGTTCAGTGGTAACG-1,1
CCGTTCATCGGAATCT-1,1
CCGTTCATCTGCAAGT-1,3
CCTAAAGCACCATGTA-1,8
CCTAAAGGTAATAGCA-1,5
CCTAAAGTCACGATGT-1,4
CCTAAAGTCACGCATA-1,2
CCTACACAGGAGTTGC-1,4
CCTACACCAATAACGA-1,2
CCTACACGTGAAAGAG-1,1
CCTACACGTGAAATCA-1,1
CCTACACTCCTTTCGG-1,5
CCTACACTCGGATGGA-1,2
CCTACACTCTAGAGTC-1,1
CCTACACTCTTATCTG-1,8
CCTACCAAGCGATCCC-1,2
CCTACCAAGGGATACC-1,7
CCTACCAGTAGCACGA-1,9
CCTACCAGTCTAAAGA-1,8
CCTACCATCCAGAAGG-1,2
CCTAGCTGTCCGAATT-1,4
CCTAGCTTCGTGGACC-1,6
CCTAGCTTCTTGTATC-1,1
CCTATTAAGAAGGGTA-1,4
CCTATTAAGTGTACGG-1,6
CCTATTAAGTGTACTC-1,4
CCTATTAGTCTGGTCG-1,4
CCTATTAGTTTAGGAA-1,3
CCTATTATCAAAGTAG-1,9
CCTATTATCGCATGGC-1,4
CCTCAGTAGTACGTTC-1,2
CCTCAGTCAATCGGTT-1,2
CCTCAGTTCATGCTCC-1,8
CCTCAGTTCCAACCAA-1,6
CCTCTGAAGCGAGAAA-1,8
CCTCTGAAGCGATGAC-1,5
CCTCTGAAGCTATGCT-1,1
CCTCTGAAGGAGTTGC-1,4
CCTCTGACAGTTCATG-1,5
CCTCTGATCAGTACGT-1,4
CCTTACGAGAGATGAG-1,5
CCTTACGAGCGCCTTG-1,3
CCTTACGAGGACAGCT-1,2
CCTTACGCACAGAGGT-1,4
CCTTACGCAGAGCCAA-1,1
CCTTACGCAGCTCGAC-1,1
CCTTACGCATCCGTGG-1,2
CCTTACGGTAGGGTAC-1,3
CCTTCCCAGTCCGGTC-1,2
CCTTCCCCACGGCGTT-1,2
CCTTCCCCATCGTCGG-1,1
CCTTCCCCATGCCTAA-1,2
CCTTCCCCATTCGACA-1,4
CCTTCCCTCAACACTG-1,1
CCTTCCCTCCCTGACT-1,7
CCTTCCCTCGAATCCA-1,4
CCTTCCCTCGTTTGCC-1,7
CCTTCCCTCTGCCCTA-1,5
CCTTCGAAGCACACAG-1,7
CCTTCGAAGCCTATGT-1,8
CCTTCGACACCATGTA-1,4
CCTTCGAGTCGAGATG-1,1
CCTTCGAGTGACTCAT-1,1
CCTTCGAGTTATCCGA-1,4
CCTTCGAGTTCCTCCA-1,1
CCTTCGATCCTTAATC-1,5
CCTTCGATCTCGTTTA-1,4
CCTTCGATCTCTTGAT-1,9
CCTTTCTAGGAACTGC-1,8
CCTTTCTGTAAGTGTA-1,4
CGAACATAGCGATATA-1,3
CGAACATAGTATTGGA-1,6
CGAACATAGTGAACGC-1,4
CGAACATCATTACCTT-1,9
CGAACATGTGTTTGTG-1,1
CGAATGTAGCTGGAAC-1,6
CGAATGTCAACACCCG-1,7
CGAATGTCAAGAAGAG-1,4
CGAATGTCATTGCGGC-1,1
CGAATGTGTACTTGAC-1,5
CGAATGTGTCAAAGAT-1,2
CGAATGTTCACTATTC-1,9
CGAATGTTCAGGCGAA-1,6
CGAATGTTCCGAATGT-1,2
CGAATGTTCCGTCAAA-1,6
CGACCTTAGGTTCCTA-1,3
CGACCTTAGTGTCCAT-1,1
CGACCTTCACCAACCG-1,2
CGACCTTCAGTAGAGC-1,8
CGACCTTCATGACATC-1,4
CGACCTTGTTGAGTTC-1,6
CGACCTTTCGCCCTTA-1,1
CGACCTTTCTCAACTT-1,6
CGACCTTTCTCTGTCG-1,6
CGACTTCAGAGGGCTT-1,5
CGACTTCCAGATGGGT-1,2
CGACTTCCAGCTTAAC-1,1
CGACTTCGTTACGACT-1,8
CGACTTCGTTGGAGGT-1,7
CGACTTCTCAGCAACT-1,4
CGACTTCTCATAACCG-1,8
CGACTTCTCATATCGG-1,7
CGACTTCTCATGTCCC-1,4
CGAGAAGAGGGTGTTG-1,9
CGAGAAGCAAATCCGT-1,1
CGAGAAGCAAGTAGTA-1,1
CGAGAAGTCCACTGGG-1,3
CGAGCACAGAGTCTGG-1,1
CGAGCACAGGAATCGC-1,5
CGAGCACCAGCCTTGG-1,8
CGAGCACCAGGCTCAC-1,3
CGAGCACGTCAGAATA-1,1
CGAGCACTCTACTATC-1,3
CGAGCCAAGAAAGTGG-1,7
CGAGCCAAGACTCGGA-1,1
CGAGCCAAGAGCCTAG-1,3
CGAGCCAAGCACACAG-1,8
CGAGCCAAGTTTAGGA-1,7
CGAGCCACAAACGCGA-1,1
CGAGCCACAGCTATTG-1,2
CGAGCCACATAAAGGT-1,9
CGAGCCACATGGATGG-1,4
CGAGCCAGTCCGTTAA-1,9
CGAGCCAGTTTGACTG-1,5
CGAGCCATCCCGACTT-1,1
CGAGCCATCCGTCATC-1,5
CGAGCCATCTGATTCT-1,8
CGAGCCATCTTGCAAG-1,1
CGATCGGAGTCGCCGT-1,6
CGATCGGCATCTACGA-1,3
CGATCGGGTCGGCACT-1,1
CGATCGGGTCGTCTTC-1,1
CGATCGGTCTAACTCT-1,3
CGATGGCAGATGTAAC-1,1
CGATGGCAGTACATGA-1,1
CGATGGCCAGCTCGCA-1,1
CGATGGCCATACGCCG-1,4
CGATGGCGTACCGAGA-1,1
CGATGGCGTCAGATAA-1,2
CGATGGCGTTACCAGT-1,1
CGATGGCTCATGCTCC-1,8
CGATGGCTCGTTGACA-1,7
CGATGGCTCTGCTGCT-1,6
CGATGGCTCTGTCCGT-1,1
CGATGGCTCTTTAGTC-1,1
CGATGTAAGAGGTTGC-1,6
CGATGTAAGCACGCCT-1,1
CGATGTAAGCCAGTAG-1,4
CGATGTACACCTATCC-1,5
CGATGTACATGAACCT-1,4
CGATGTAGTACAGTTC-1,6
CGATGTATCACTTACT-1,4
CGATTGAAGCCACGCT-1,2
CGATTGACAATCGGTT-1,9
CGATTGACATGCAATC-1,8
CGATTGACATTACCTT-1,7
CGATTGAGTCCGTGAC-1,3
CGATTGAGTCTAGTCA-1,8
CGATTGATCTGGCGTG-1,6
CGATTGATCTGTCTCG-1,6
CGCCAAGAGAACAATC-1,3
CGCCAAGAGTCTTGCA-1,1
CGCCAAGCAATGGAGC-1,1
CGCCAAGCACGTCAGC-1,7
CGCCAAGTCGTGGGAA-1,1
CGCGGTAAGCGTTGCC-1,6
CGCGGTAAGTCATCCA-1,8
CGCGGTAAGTCCCACG-1,3
CGCGGTACATCGGAAG-1,1
CGCGGTAGTAGCAAAT-1,8
CGCGGTATCCCTAATT-1,6
CGCGTTTAGCTTCGCG-1,6
CGCGTTTAGGTAGCCA-1,7
CGCGTTTCAGGAACGT-1,1
CGCGTTTGTATGCTTG-1,2
CGCGTTTGTCATCGGC-1,1
CGCGTTTGTCGCTTCT-1,2
CGCGTTTTCTTACCTA-1,4
CGCTATCAGACAATAC-1,1
CGCTATCAGAGGGATA-1,6
CGCTATCAGGATGTAT-1,8
CGCTATCAGTTTCCTT-1,6
CGCTATCCACTCGACG-1,1
CGCTATCCAGACTCGC-1,7
CGCTATCCAGCTCCGA-1,3
CGCTATCGTACCTACA-1,2
CGCTATCGTATAATGG-1,1
CGCTATCGTCGGCTCA-1,1
CGCTATCTCTATCGCC-1,7
CGCTGGAAGACGACGT-1,1
CGCTGGAAGCAGGCTA-1,7
CGCTGGATCATGTAGC-1,6
CGCTGGATCGGTGTTA-1,6
CGCTGGATCTAACCGA-1,3
CGCTGGATCTGCGGCA-1,7
CGCTTCAAGGCCCGTT-1,2
CGCTTCACACGGTAGA-1,2
CGCTTCAGTATTCGTG-1,2
CGCTTCAGTCATATGC-1,8
CGCTTCATCAAAGACA-1,1
CGCTTCATCAACCAAC-1,2
CGCTTCATCGCTAGCG-1,1
CGGACACAGGTGATTA-1,2
CGGACACAGTTAAGTG-1,6
CGGACACAGTTAGCGG-1,6
CGGACACCACCAGTTA-1,6
CGGACACCAGAAGCAC-1,4
CGGACACCAGTGGGAT-1,3
CGGACACTCAACCAAC-1,6
CGGACACTCCAGGGCT-1,5
CGGACACTCGTTTATC-1,5
CGGACGTAGAGTCTGG-1,4
CGGACGTAGCGAAGGG-1,3
CGGACGTCACAGGTTT-1,2
CGGACGTCATTCACTT-1,3
CGGACGTGTTATTCTC-1,2
CGGACGTGTTGAGTTC-1,3
CGGACGTTCATACGGT-1,5
CGGACGTTCATGCATG-1,6
CGGACGTTCGTGGGAA-1,6
CGGACTGCAATGAAAC-1,4
CGGACTGCACCCATTC-1,4
CGGACTGCAGCTGCAC-1,6
CGGACTGGTCTCTCTG-1,6
CGGACTGGTGATGCCC-1,4
CGGACTGGTTGGAGGT-1,5
CGGACTGTCAGCTTAG-1,1
CGGACTGTCCTTTACA-1,6
CGGACTGTCGAATGGG-1,6
CGGAGCTAGAGTTGGC-1,1
CGGAGCTAGCTGCCCA-1,1
CGGAGCTAGTCGTTTG-1,5
CGGAGCTGTAAGTAGT-1,5
CGGAGCTTCGCCATAA-1,4
CGGAGCTTCGTAGGTT-1,9
CGGAGCTTCGTATCAG-1,1
CGGAGTCCACGGCGTT-1,1
CGGAGTCCAGGCGATA-1,1
CGGAGTCCATGTAAGA-1,2
CGGAGTCGTCCGAGTC-1,5
CGGAGTCGTGCGCTTG-1,6
CGGAGTCGTTGGTGGA-1,3
CGGAGTCGTTGTCTTT-1,2
CGGAGTCTCAACTCTT-1,4
CGGAGTCTCCCATTAT-1,1
CGGCTAGAGGGTGTGT-1,6
CGGCTAGCAATGTAAG-1,4
CGGCTAGCAGGTGCCT-1,1
CGGCTAGCATCGGGTC-1,9
CGGCTAGGTATGCTTG-1,1
CGGCTAGGTCTCTCGT-1,5
CGGCTAGGTTCCTCCA-1,3
CGGCTAGTCAACCATG-1,7
CGGGTCAAGACCTTTG-1,3
CGGGTCAAGATAGCAT-1,1
CGGGTCAAGTGCGTGA-1,1
CGGGTCACAAATCCGT-1,3
CGGGTCACAATACGCT-1,2
CGGGTCACAGCATGAG-1,7
CGGGTCAGTAATCGTC-1,6
CGGGTCAGTACCGGCT-1,3
CGGGTCAGTTCGGGCT-1,1
CGGGTCATCTGCAAGT-1,4
CGGTTAAAGCCAACAG-1,9
CGGTTAAAGGGAGTAA-1,1
CGGTTAACAGGAATCG-1,3
CGGTTAAGTCGTTGTA-1,4
CGGTTAAGTTCAGCGC-1,2
CGTAGCGAGAAACGAG-1,1
CGTAGCGAGAAGAAGC-1,4
CGTAGCGAGCTAGGCA-1,6
CGTAGCGCAGACACTT-1,9
CGTAGCGCATCGGTTA-1,1
CGTAGCGGTAACGTTC-1,7
CGTAGCGGTACGAAAT-1,1
CGTAGCGTCAGGCAAG-1,2
CGTAGCGTCATTCACT-1,1
CGTAGCGTCCGCGGTA-1,1
CGTAGGCAGAGCAATT-1,1
CGTAGGCAGATCGATA-1,2
CGTAGGCAGATCTGCT-1,1
CGTAGGCAGGAACTGC-1,1
CGTAGGCAGTCGATAA-1,7
CGTAGGCCAAGTTAAG-1,4
CGTAGGCTCAACACCA-1,5
CGTAGGCTCCACGTGG-1,3
CGTAGGCTCGGATGTT-1,4
CGTCACTAGGCGATAC-1,4
CGTCACTCATGACATC-1,1
CGTCACTCATGTAGTC-1,2
CGTCACTGTAGCGCTC-1,3
CGTCACTGTCCAGTTA-1,6
CGTCACTTCAAACCGT-1,6
CGTCACTTCTCGATGA-1,8
CGTCAGGAGAGTACCG-1,6
CGTCAGGAGCCAGTTT-1,3
CGTCAGGAGCCATCGC-1,6
CGTCAGGAGTTAGGTA-1,4
CGTCAGGCAAGTCTGT-1,7
CGTCAGGCAATCTACG-1,1
CGTCAGGCACGGTAAG-1,4
CGTCAGGGTAAACACA-1,3
CGTCAGGTCACGCATA-1,2
CGTCAGGTCGAACTGT-1,6
CGTCAGGTCGTCACGG-1,1
CGTCCATCATCCCACT-1,2
CGTCCATCATTCCTGC-1,2
CGTCCATGTGTAACGG-1,6
CGTCCATTCATTGCGA-1,5
CGTCCATTCGAATGCT-1,6
CGTCTACAGTGGTCCC-1,8
CGTCTACCAACTGCTA-1,8
CGTCTACCACCCTATC-1,3
CGTCTACGTAGGACAC-1,4
CGTCTACTCAAACGGG-1,4
CGTCTACTCCTATTCA-1,2
CGTCTACTCGAGAGCA-1,1
CGTGAGCAGACCGGAT-1,3
CGTGAGCAGAGCAATT-1,1
CGTGAGCAGAGCTATA-1,9
CGTGAGCAGCACCGCT-1,2
CGTGAGCAGTCAAGCG-1,1
CGTGAGCAGTGAAGAG-1,8
CGTGAGCCACCTTGTC-1,9
CGTGAGCGTGCTTCTC-1,3
CGTGAGCGTGGCAAAC-1,7
CGTGAGCGTTGACGTT-1,2
CGTGAGCTCACCGTAA-1,2
CGTGAGCTCCGAATGT-1,7
CGTGTAAAGGATATAC-1,9
CGTGTAAAGTACACCT-1,2
CGTGTAAAGTTGAGAT-1,2
CGTGTAACAGAAGCAC-1,5
CGTGTAAGTACAGTGG-1,1
CGTGTAATCACGACTA-1,5
CGTGTAATCAGTCAGT-1,4
CGTGTAATCCCAACGG-1,8
CGTGTAATCGGTTAAC-1,3
CGTGTAATCTTGTTTG-1,1
CGTGTCTAGAAGGGTA-1,4
CGTGTCTAGCCCGAAA-1,6
CGTGTCTAGCCCTAAT-1,1
CGTGTCTAGGGTTCCC-1,1
CGTGTCTAGTTTGCGT-1,1
CGTGTCTCACCCATGG-1,7
CGTGTCTCAGCGAACA-1,1
CGTGTCTGTAACGACG-1,1
CGTGTCTGTACCGTTA-1,5
CGTGTCTGTTCGCGAC-1,7
CGTGTCTGTTGGGACA-1,6
CGTGTCTTCACCGTAA-1,2
CGTGTCTTCCACGAAT-1,1
CGTGTCTTCGGAAACG-1,5
CGTTAGAAGCAGCGTA-1,1
CGTTAGAAGGCACATG-1,1
CGTTAGAAGTGACATA-1,3
CGTTAGACAACTGCTA-1,7
CGTTAGACACCTATCC-1,1
CGTTAGAGTAGGGTAC-1,3
CGTTAGAGTGTCCTCT-1,1
CGTTAGATCAATACCG-1,2
CGTTCTGAGCTGATAA-1,8
CGTTCTGAGGCTCAGA-1,1
CGTTCTGAGTATTGGA-1,9
CGTTCTGCACTTAAGC-1,1
CGTTCTGGTAACGTTC-1,3
CGTTCTGGTTCTGAAC-1,5
CGTTCTGTCCCTAACC-1,7
CGTTCTGTCGCAAGCC-1,5
CGTTGGGAGCCTTGAT-1,1
CGTTGGGAGGACCACA-1,4
CGTTGGGCAAGTTGTC-1,1
CGTTGGGCACTACAGT-1,1
CGTTGGGCAGATGAGC-1,9
CGTTGGGCAGGTCCAC-1,4
CGTTGGGCATGAAGTA-1,3
CGTTGGGGTTATGTGC-1,3
CGTTGGGGTTCCTCCA-1,8
CGTTGGGTCCTTGGTC-1,8
CGTTGGGTCTACTATC-1,3
CTAACTTAGCAGATCG-1,9
CTAACTTAGGTACTCT-1,6
CTAACTTCATGGTCAT-1,4
CTAACTTGTCCCGACA-1,1
CTAACTTGTTCAGACT-1,1
CTAACTTTCAACACTG-1,7
CTAACTTTCACTCCTG-1,6
CTAACTTTCCAGGGCT-1,4
CTAACTTTCCGAAGAG-1,4
CTAAGACAGATCGGGT-1,5
CTAAGACAGGTCATCT-1,8
CTAAGACCAAGGTTCT-1,8
CTAAGACGTCAAGCGA-1,3
CTAAGACGTTGACGTT-1,1
CTAAGACTCACAAACC-1,7
CTAAGACTCGGTCTAA-1,5
CTAATGGAGACTGTAA-1,3
CTAATGGAGTGCGTGA-1,5
CTAATGGGTGCTAGCC-1,1
CTAATGGGTTCATGGT-1,9
CTAATGGTCACAGTAC-1,4
CTAATGGTCCGTAGGC-1,1
CTACACCAGAGCCCAA-1,7
CTACACCAGTAGCGGT-1,6
CTACACCAGTCCCACG-1,4
CTACACCCAGCTGCTG-1,4
CTACACCCATTCACTT-1,1
CTACACCGTGGTCCGT-1,1
CTACACCTCCAAAGTC-1,1
CTACACCTCCGCGCAA-1,3
CTACACCTCCTAGGGC-1,1
CTACACCTCTTGCAAG-1,2
CTACATTAGAGATGAG-1,2
CTACATTCAAGACACG-1,1
CTACATTGTAAGGGAA-1,2
CTACATTTCTATGTGG-1,2
CTACCCAAGAAGGTTT-1,1
CTACCCAAGCACGCCT-1,2
CTACCCAAGCCACTAT-1,3
CTACCCAAGTGGCACA-1,5
CTACCCAAGTGGTCCC-1,1
CTACCCACAAAGTGCG-1,4
CTACCCACAAGCGATG-1,3
CTACCCACAAGCGTAG-1,4
CTACCCACACCCATGG-1,2
CTACCCAGTACGCACC-1,9
CTACCCAGTATCTGCA-1,8
CTACCCAGTCCGTTAA-1,1
CTACGTCAGCAACGGT-1,5
CTACGTCAGGGAAACA-1,5
CTACGTCAGGTTACCT-1,4
CTACGTCAGTGCGATG-1,5
CTACGTCCACCTATCC-1,2
CTACGTCCACGGCTAC-1,4
CTACGTCCAGACGCTC-1,6
CTACGTCCAGTTCCCT-1,2
CTACGTCGTACCGTTA-1,4
CTACGTCGTTTCCACC-1,1
CTAGAGTCAATCTACG-1,4
CTAGAGTCACCCAGTG-1,7
CTAGAGTCAGTAAGAT-1,4
CTAGAGTGTCAAGCGA-1,6
CTAGAGTGTTCCCTTG-1,2
CTAGCCTAGCGTTGCC-1,1
CTAGCCTCAGACACTT-1,1
CTAGCCTCAGCGAACA-1,3
CTAGCCTGTTCAGTAC-1,3
CTAGCCTTCATTCACT-1,9
CTAGCCTTCCAAACAC-1,3
CTAGCCTTCCTATTCA-1,3
CTAGTGACAGGGCATA-1,4
CTAGTGACATTCACTT-1,8
CTAGTGAGTCCGTCAG-1,4
CTAGTGAGTTACCGAT-1,4
CTAGTGATCCATTCTA-1,3
CTCACACAGAATCTCC-1,1
CTCACACAGGGATACC-1,5
CTCACACCAATTGCTG-1,7
CTCACACCAGGAATCG-1,2
CTCACACCAGGTCTCG-1,6
CTCACACTCACAGGCC-1,5
CTCACACTCCGGCACA-1,1
CTCAGAAAGGACACCA-1,4
CTCAGAAAGTCACGCC-1,3
CTCAGAAAGTCCTCCT-1,3
CTCAGAACACTGTCGG-1,4
CTCATTAAGTGGCACA-1,6
CTCATTACACACATGT-1,5
CTCATTACAGTAAGCG-1,1
CTCATTACAGTTAACC-1,3
CTCATTACATTTCAGG-1,4
CTCATTAGTAAACGCG-1,3
CTCATTAGTCTCCACT-1,1
CTCATTAGTCTTTCAT-1,5
CTCCTAGAGAGGTTGC-1,3
CTCCTAGAGTCGTACT-1,2
CTCCTAGGTGGTCCGT-1,9
CTCCTAGTCCTCAATT-1,5
CTCCTAGTCGCTTAGA-1,5
CTCCTAGTCTTTACAC-1,1
CTCGAAAAGATCTGCT-1,7
CTCGAAACAACTTGAC-1,7
CTCGAAACACGTTGGC-1,5
CTCGAAAGTCACCCAG-1,5
CTCGAAAGTGCTTCTC-1,6
CTCGAAAGTGTGACGA-1,3
CTCGAAAGTTAGAACA-1,3
CTCGAAATCCCTGACT-1,7
CTCGAGGCACGGACAA-1,4
CTCGAGGCAGTCGTGC-1,1
CTCGAGGTCAACACTG-1,1
CTCGAGGTCCACTGGG-1,3
CTCGAGGTCTAACCGA-1,3
CTCGGAGAGGTGACCA-1,6
CTCGGAGAGTCGCCGT-1,4
CTCGGAGCATAGACTC-1,2
CTCGGAGCATCAGTCA-1,2
CTCGGGAAGTCTTGCA-1,8
CTCGGGACACGGTTTA-1,3
CTCGGGACAGCCAGAA-1,8
CTCGGGACATGTCGAT-1,1
CTCGGGAGTAACGTTC-1,9
CTCGGGAGTGAAAGAG-1,3
CTCGGGAGTGAGTATA-1,6
CTCGGGATCAACACAC-1,2
CTCGGGATCTTTCCTC-1,4
CTCGTACAGATGTCGG-1,8
CTCGTACAGTGTTAGA-1,3
CTCGTACCAAGGTGTG-1,9
CTCGTACCACGCTTTC-1,1
CTCGTACCAGCTTAAC-1,9
CTCGTACGTATAATGG-1,3
CTCGTACGTCGGGTCT-1,8
CTCGTACGTCTGGTCG-1,3
CTCGTACTCAACGGCC-1,8
CTCGTACTCGGATGTT-1,3
CTCGTCACACCGAATT-1,1
CTCGTCACATCCAACA-1,6
CTCGTCATCACGACTA-1,6
CTCGTCATCAGAAATG-1,7
CTCGTCATCATGCTCC-1,3
CTCTAATAGCTAACTC-1,4
CTCTAATCAATGGATA-1,6
CTCTAATGTGTTGGGA-1,7
CTCTAATGTTCCCTTG-1,2
CTCTAATTCAAGGCTT-1,1
CTCTAATTCAGTTCGA-1,1
CTCTAATTCGCCCTTA-1,8
CTCTAATTCGGCATCG-1,1
CTCTAATTCGTTGACA-1,3
CTCTACGAGGACAGCT-1,3
CTCTACGCAGTCTTCC-1,1
CTCTACGGTCAAAGAT-1,7
CTCTACGGTGATAAAC-1,1
CTCTACGTCACGAAGG-1,2
CTCTACGTCTGTTTGT-1,9
CTCTACGTCTTCGAGA-1,9
CTCTGGTAGACTTGAA-1,5
CTCTGGTAGGGCTCTC-1,5
CTCTGGTAGTGGGCTA-1,3
CTCTGGTCAAAGGTGC-1,9
CTCTGGTCAAGAGGCT-1,4
CTCTGGTCAAGTTAAG-1,3
CTCTGGTGTGTCAATC-1,5
CTCTGGTTCCTGCCAT-1,3
CTCTGGTTCGGCTACG-1,2
CTGAAACAGTGGGATC-1,1
CTGAAACCACATTTCT-1,4
CTGAAACCAGACGCCT-1,3
CTGAAACCATCATCCC-1,1
CTGAAACGTCTAGTGT-1,1
CTGAAACGTGACTCAT-1,5
CTGAAACGTGATGTCT-1,2
CTGAAACTCAGGTTCA-1,2
CTGAAACTCCAGAGGA-1,5
CTGAAACTCCTTGGTC-1,2
CTGAAACTCGGCGCTA-1,6
CTGAAGTAGACACTAA-1,5
CTGAAGTAGGCGACAT-1,3
CTGAAGTCACACCGAC-1,2
CTGAAGTCATTAACCG-1,2
CTGAAGTGTCTAAACC-1,4
CTGAAGTTCGTACGGC-1,4
CTGATAGAGAAACCTA-1,6
CTGATAGAGCTCAACT-1,3
CTGATAGCAGGCGATA-1,3
CTGATAGCATTAACCG-1,4
CTGATAGGTGAGGGTT-1,1
CTGATAGTCACGCGGT-1,1
CTGATAGTCAGTCCCT-1,9
CTGATAGTCGCATGAT-1,4
CTGATCCAGATGGCGT-1,5
CTGATCCCAACGATCT-1,1
CTGATCCCAATAACGA-1,4
CTGATCCCAGTCACTA-1,2
CTGATCCGTAAGAGAG-1,4
CTGATCCGTCCTCCAT-1,2
CTGATCCTCCAGTATG-1,3
CTGATCCTCTCCCTGA-1,2
CTGATCCTCTCTAAGG-1,2
CTGCCTAAGATCGATA-1,1
CTGCCTAAGGTGCAAC-1,2
CTGCCTAAGTCGCCGT-1,3
CTGCCTACAGGTCTCG-1,3
CTGCCTACAGTATGCT-1,1
CTGCCTACATAAAGGT-1,2
CTGCCTACATGTTCCC-1,5
CTGCCTAGTCGAATCT-1,8
CTGCCTAGTGACTACT-1,3
CTGCCTAGTGAGTATA-1,3
CTGCCTATCACCTCGT-1,5
CTGCCTATCACGACTA-1,1
CTGCCTATCATCGGAT-1,1
CTGCCTATCGGCTTGG-1,3
CTGCCTATCGTAGGAG-1,7
CTGCGGACACCACGTG-1,1
CTGCGGACACCATCCT-1,3
CTGCGGACAGTGACAG-1,6
CTGCGGAGTAATTGGA-1,3
CTGCGGAGTATCTGCA-1,1
CTGCGGAGTCCGAACC-1,1
CTGCGGAGTCCGCTGA-1,4
CTGCGGAGTCGACTGC-1,5
CTGCGGATCCAGAGGA-1,1
CTGCTGTAGAGCCTAG-1,1
CTGCTGTAGCCGATTT-1,2
CTGCTGTAGCGTGTCC-1,7
CTGCTGTCAAACCCAT-1,4
CTGCTGTCAATGAAAC-1,5
CTGCTGTCAGGTGCCT-1,7
CTGCTGTCATCCAACA-1,2
CTGCTGTGTCGACTGC-1,1
CTGCTGTTCATTCACT-1,3
CTGCTGTTCTACTTAC-1,3
CTGGTCTAGCGTTTAC-1,7
CTGGTCTCATTAGGCT-1,6
CTGGTCTGTGGTACAG-1,9
CTGGTCTTCAAGGCTT-1,2
CTGGTCTTCTAGCACA-1,3
CTGGTCTTCTATGTGG-1,1
CTGGTCTTCTTGAGAC-1,4
CTGTGCTAGGAATTAC-1,5
CTGTGCTCACTCGACG-1,5
CTGTGCTGTCAGAATA-1,1
CTGTGCTGTCCAGTAT-1,5
CTGTGCTGTGTTCTTT-1,1
CTGTGCTTCAGCACAT-1,3
CTGTGCTTCGGCTTGG-1,2
CTGTTTAAGACTCGGA-1,5
CTGTTTAAGATGTGTA-1,1
CTGTTTAAGGCGACAT-1,6
CTGTTTAAGTCATGCT-1,3
CTGTTTACAACACCCG-1,9
CTGTTTACAAGCTGAG-1,1
CTGTTTACACTTACGA-1,4
CTGTTTACAGACAGGT-1,6
CTGTTTACAGGTGGAT-1,1
CTGTTTACAGTCACTA-1,3
CTGTTTACAGTGGAGT-1,5
CTGTTTAGTAAGAGGA-1,1
CTGTTTAGTCGACTGC-1,4
CTGTTTAGTCGCCATG-1,4
CTGTTTAGTCTCATCC-1,5
CTGTTTAGTGCTAGCC-1,5
CTGTTTATCACAGTAC-1,7
CTGTTTATCGCCAGCA-1,4
CTGTTTATCGTCTGCT-1,5
CTTAACTAGTCCCACG-1,2
CTTAACTCAATGAATG-1,7
CTTAACTCACGGATAG-1,1
CTTAACTGTAATCACC-1,8
CTTAACTTCAGCTCGG-1,1
CTTAACTTCCATTCTA-1,6
CTTAACTTCGATCCCT-1,1
CTTAACTTCTTGAGAC-1,3
CTTACCGCAAAGGCGT-1,4
CTTACCGGTCATCGGC-1,1
CTTACCGTCACCTTAT-1,2
CTTAGGAGTTACCAGT-1,5
CTTAGGATCCGCGTTT-1,6
CTTAGGATCGCCGTGA-1,8
CTTAGGATCGTAGGAG-1,5
CTTCTCTAGAAACGAG-1,1
CTTCTCTAGACTAGAT-1,6
CTTCTCTAGATGTTAG-1,1
CTTCTCTAGTCAATAG-1,9
CTTCTCTGTAGCCTAT-1,1
CTTCTCTGTCCGTTAA-1,7
CTTGGCTCATTAGGCT-1,4
CTTGGCTGTCCGACGT-1,1
CTTGGCTTCCAAACAC-1,1
CTTTGCGCACAGACTT-1,5
CTTTGCGCAGCTGTTA-1,4
CTTTGCGGTGGCCCTA-1,2
CTTTGCGGTTCTGGTA-1,5
CTTTGCGTCAGTTAGC-1,8
CTTTGCGTCCTCATTA-1,4
GAAACTCAGAGCTGGT-1,4
GAAACTCAGGCTCATT-1,6
GAAACTCAGGGATACC-1,7
GAAACTCAGGGTATCG-1,6
GAAACTCAGTACCGGA-1,5
GAAACTCCACAACGTT-1,3
GAAACTCCACCAGGCT-1,2
GAAACTCCATGTTGAC-1,2
GAAACTCGTCGATTGT-1,2
GAAACTCGTTACAGAA-1,1
GAAACTCGTTATGCGT-1,8
GAAATGACAAAGGTGC-1,3
GAAATGACAGCTCGAC-1,3
GAAATGATCAACGGGA-1,9
GAAATGATCAAGGTAA-1,8
GAAATGATCCTGCCAT-1,2
GAACATCCAAGTCTGT-1,3
GAACATCCAATCTACG-1,1
GAACATCCAGTCAGAG-1,1
GAACATCGTGTAACGG-1,1
GAACATCGTTCAGGCC-1,2
GAACCTAAGAGGTAGA-1,1
GAACCTATCAGGTAAA-1,4
GAACCTATCCGCGGTA-1,5
GAACCTATCTGCCAGG-1,9
GAACGGAAGAACAATC-1,1
GAACGGAAGCACGCCT-1,1
GAACGGACACGCTTTC-1,5
GAACGGACACGGTTTA-1,6
GAACGGACAGACAAAT-1,4
GAACGGACAGCTGTTA-1,2
GAACGGACATCCTAGA-1,1
GAACGGACATGAACCT-1,3
GAACGGACATGCGCAC-1,2
GAACGGAGTCAAGCGA-1,4
GAACGGAGTCTTTCAT-1,4
GAACGGATCAGCATGT-1,1
GAACGGATCATGGTCA-1,4
GAACGGATCGAATGGG-1,4
GAACGGATCGAGGTAG-1,8
GAAGCAGAGCTGCGAA-1,1
GAAGCAGAGTGGTAGC-1,3
GAAGCAGCACTGCCAG-1,3
GAAGCAGCATCCCATC-1,1
GAAGCAGTCACGACTA-1,2
GAAGCAGTCAGAAATG-1,6
GAAGCAGTCATAGCAC-1,6
GAAGCAGTCTGGGCCA-1,2
GAATAAGAGACCGGAT-1,4
GAATAAGAGGGATGGG-1,1
GAATAAGCACCGAATT-1,5
GAATAAGCAGATGAGC-1,8
GAATAAGCATTCTCAT-1,3
GAATAAGCATTTCACT-1,5
GAATAAGGTAGAGGAA-1,4
GAATAAGGTCTAGTGT-1,3
GAATAAGTCAACACCA-1,1
GAATAAGTCAGCATGT-1,2
GAATAAGTCGAGGTAG-1,5
GAATGAAAGTGCTGCC-1,3
GAATGAACACGTCAGC-1,2
GAATGAATCGGAAATA-1,3
GACACGCAGCTCCTCT-1,2
GACACGCCAGCTTAAC-1,2
GACACGCCAGTATAAG-1,1
GACACGCGTAAATACG-1,1
GACACGCGTACTTGAC-1,2
GACACGCGTAGCTGCC-1,6
GACACGCGTATAGTAG-1,7
GACACGCGTTGATTGC-1,8
GACACGCGTTTAGCTG-1,4
GACACGCGTTTGGCGC-1,5
GACACGCTCCTCAATT-1,1
GACACGCTCCTCCTAG-1,6
GACAGAGAGATCTGAA-1,5
GACAGAGAGATCTGCT-1,4
GACAGAGAGTCAAGCG-1,6
GACAGAGCATGAACCT-1,6
GACAGAGCATGTTCCC-1,1
GACAGAGGTACTCTCC-1,7
GACAGAGGTCGGCATC-1,2
GACAGAGTCCTAAGTG-1,9
GACAGAGTCGGCTACG-1,1
GACCAATAGATGCCAG-1,3
GACCAATAGATGCCTT-1,2
GACCAATCAGCAGTTT-1,4
GACCAATCAGTCGTGC-1,3
GACCAATCAGTGACAG-1,4
GACCAATCATCTCGCT-1,5
GACCAATCATTCCTCG-1,6
GACCAATGTGACGCCT-1,2
GACCAATGTGAGTGAC-1,2
GACCAATGTTACTGAC-1,5
GACCAATGTTCGGCAC-1,5
GACCAATTCCATGAAC-1,4
GACCAATTCTAAGCCA-1,1
GACCTGGAGCCGTCGT-1,5
GACCTGGAGCTGCAAG-1,9
GACCTGGCACAAGTAA-1,6
GACCTGGCACGCTTTC-1,3
GACCTGGGTGTGACCC-1,8
GACCTGGTCACAATGC-1,9
GACCTGGTCATCTGCC-1,4
GACCTGGTCTTGGGTA-1,2
GACGCGTAGTAACCCT-1,7
GACGCGTCAGTTAACC-1,1
GACGCGTTCCCTCTTT-1,6
GACGCGTTCTCTGAGA-1,9
GACGGCTAGCCACTAT-1,5
GACGGCTAGGTACTCT-1,3
GACGGCTCAAGCGTAG-1,2
GACGGCTCAGACGCTC-1,4
GACGGCTGTAGTAGTA-1,2
GACGGCTGTGAGTATA-1,9
GACGGCTTCTTGAGGT-1,4
GACGTGCAGAGCTATA-1,1
GACGTGCAGCGATTCT-1,5
GACGTGCAGTACTTGC-1,4
GACGTGCAGTGAAGAG-1,4
GACGTGCCAATACGCT-1,4
GACGTGCCATCCTAGA-1,4
GACGTGCTCAGGATCT-1,4
GACGTTACAAAGCAAT-1,4
GACGTTAGTGAGGCTA-1,7
GACGTTATCAACCAAC-1,2
GACGTTATCATTCACT-1,1
GACTAACAGAGCCTAG-1,2
GACTAACAGCCGATTT-1,7
GACTAACAGTACACCT-1,5
GACTAACAGTAGTGCG-1,8
GACTAACCAACACCCG-1,2
GACTAACCAATGAATG-1,3
GACTAACGTAGCACGA-1,6
GACTAACGTATCTGCA-1,4
GACTAACGTATGAATG-1,1
GACTAACGTGTTTGGT-1,4
GACTAACTCACGACTA-1,5
GACTAACTCATGGTCA-1,3
GACTAACTCCGGCACA-1,1
GACTAACTCTGGAGCC-1,1
GACTACAAGATGGGTC-1,7
GACTACAAGCACAGGT-1,2
GACTACACAGCCAATT-1,8
GACTACAGTAGCCTAT-1,5
GACTACAGTAGCGATG-1,4
GACTACATCGCAAGCC-1,5
GACTACATCTCCCTGA-1,7
GACTGCGAGACGCTTT-1,7
GACTGCGAGAGCTGCA-1,3
GACTGCGAGATCACGG-1,6
GACTGCGAGTATCGAA-1,1
GACTGCGCACAACGCC-1,4
GACTGCGCACTAAGTC-1,1
GACTGCGCATATGCTG-1,3
GACTGCGCATTCCTCG-1,2
GACTGCGGTCAAGCGA-1,5
GACTGCGGTCCGTGAC-1,6
GACTGCGGTTTACTCT-1,6
GACTGCGTCAGCGACC-1,5
GACTGCGTCCACTGGG-1,3
GACTGCGTCCTCATTA-1,6
GACTGCGTCGGTTCGG-1,2
GAGCAGAAGAAGGCCT-1,1
GAGCAGAAGCCAGTTT-1,9
GAGCAGACACACCGAC-1,2
GAGCAGACAGATGGCA-1,1
GAGCAGAGTACAGACG-1,6
GAGCAGATCCTTTCGG-1,4
GAGGTGAAGCCACCTG-1,2
GAGGTGACAAGTCTAC-1,7
GAGGTGACAATCCAAC-1,1
GAGGTGACAGCATACT-1,3
GAGGTGACATATGCTG-1,8
GAGGTGAGTGCATCTA-1,2
GAGGTGAGTTCGCGAC-1,3
GAGGTGATCAGAGGTG-1,1
GAGGTGATCGGAATCT-1,4
GAGTCCGAGGCTACGA-1,6
GAGTCCGCAAACTGCT-1,5
GAGTCCGCAGCGTCCA-1,5
GAGTCCGCAGGAATGC-1,3
GAGTCCGGTACCGTTA-1,6
GAGTCCGGTCGGATCC-1,6
GAGTCCGTCACAACGT-1,7
GAGTCCGTCTCAACTT-1,2
GAGTCCGTCTTTAGGG-1,4
GATCAGTAGCGTTCCG-1,1
GATCAGTAGTAGGTGC-1,5
GATCAGTCACTGTGTA-1,3
GATCAGTCAGACGTAG-1,6
GATCAGTCAGTGACAG-1,3
GATCAGTGTGATAAGT-1,3
GATCAGTGTGCACCAC-1,9
GATCAGTTCTTACCGC-1,8
GATCGATAGCAGGCTA-1,7
GATCGATAGGAGTCTG-1,4
GATCGATAGGGAACGG-1,7
GATCGATGTTGGTTTG-1,5
GATCGCGAGACATAAC-1,5
GATCGCGAGGTGACCA-1,3
GATCGCGAGTAACCCT-1,1
GATCGCGCACAGCGTC-1,2
GATCGCGCACGTAAGG-1,5
GATCGCGCAGTAACGG-1,6
GATCGCGGTTATTCTC-1,9
GATCGCGTCGGCTTGG-1,6
GATCGCGTCGTTACGA-1,2
GATCGTACATGCCTTC-1,4
GATCGTAGTAACGTTC-1,8
GATCGTAGTAGCACGA-1,2
GATCGTAGTCGACTGC-1,4
GATCGTAGTGCCTGCA-1,2
GATCGTATCCCTCAGT-1,5
GATCGTATCCCTTGCA-1,1
GATCGTATCGTTGCCT-1,6
GATCTAGAGATCACGG-1,3
GATCTAGAGGAGTTGC-1,3
GATCTAGCAAGACGTG-1,3
GATCTAGCACAGGAGT-1,2
GATCTAGCATATGGTC-1,4
GATCTAGTCCTCGCAT-1,8
GATGAAAAGATAGGAG-1,7
GATGAAAAGTGCGTGA-1,9
GATGAAACAAGTAGTA-1,1
GATGAAACACTAAGTC-1,1
GATGAAACAGACTCGC-1,3
GATGAAAGTAGTAGTA-1,7
GATGAAATCCAAGTAC-1,1
GATGAGGAGATTACCC-1,1
GATGAGGCACATCTTT-1,1
GATGAGGCATTACCTT-1,2
GATGAGGTCCGAACGC-1,1
GATGAGGTCGGATGGA-1,8
GATGAGGTCTAACGGT-1,4
GATGCTAAGAAGGGTA-1,6
GATGCTAAGGTGTTAA-1,1
GATGCTACAGCCTATA-1,5
GATGCTACAGGCTCAC-1,5
GATGCTAGTACCGAGA-1,4
GATGCTAGTTACGTCA-1,4
GATGCTATCAACGGGA-1,6
GATTCAGCACCAGATT-1,5
GATTCAGCACCGTTGG-1,2
GATTCAGCATACGCCG-1,4
GATTCAGGTAAGTAGT-1,5
GATTCAGTCATGCATG-1,4
GCAAACTAGACTAGAT-1,2
GCAAACTAGGTAGCTG-1,5
GCAAACTGTCCGCTGA-1,4
GCAAACTGTCTGCAAT-1,2
GCAAACTGTGCCTGTG-1,3
GCAAACTGTTGTACAC-1,9
GCAAACTTCTTAACCT-1,5
GCAATCAAGGCGATAC-1,5
GCAATCAAGGTCGGAT-1,9
GCAATCACAACGATGG-1,4
GCAATCACAAGAGGCT-1,1
GCAATCACAAGCGTAG-1,9
GCAATCACATATGAGA-1,1
GCAATCAGTAATCGTC-1,3
GCAATCAGTCTAGTGT-1,6
GCAATCATCCGTTGCT-1,7
GCAATCATCTGTCCGT-1,5
GCACATAAGACTAGGC-1,2
GCACATAAGGTGCAAC-1,7
GCACATAAGTGTTAGA-1,4
GCACATACAAGGTGTG-1,1
GCACATACAAGTAATG-1,2
GCACATACATGTCCTC-1,5
GCACATACATTGCGGC-1,4
GCACATAGTCTCCCTA-1,7
GCACTCTAGCCAGAAC-1,2
GCACTCTAGGCAGTCA-1,4
GCACTCTAGGCATGGT-1,6
GCACTCTAGGTTACCT-1,7
GCACTCTAGTAGTGCG-1,3
GCACTCTCATCACAAC-1,6
GCACTCTGTCAGAAGC-1,7
GCACTCTGTGTGTGCC-1,9
GCAGCCAAGACGCTTT-1,8
GCAGCCAAGATGGGTC-1,7
GCAGCCACAAGCCCAC-1,5
GCAGCCACATATGAGA-1,5
GCAGCCACATCCAACA-1,1
GCAGCCAGTGCTTCTC-1,2
GCAGCCAGTGGCCCTA-1,2
GCAGCCATCACATGCA-1,4
GCAGCCATCATATCGG-1,2
GCAGCCATCATCGATG-1,2
GCAGCCATCGCATGAT-1,7
GCAGTTAAGTAGGTGC-1,5
GCAGTTACAGTATGCT-1,6
GCAGTTACATTATCTC-1,3
GCAGTTAGTCAAGCGA-1,5
GCAGTTAGTCATGCAT-1,7
GCAGTTAGTCCGAATT-1,7
GCAGTTAGTTGCTCCT-1,1
GCAGTTAGTTTGTTGG-1,2
GCAGTTATCCAGTATG-1,8
GCAGTTATCGTTTATC-1,8
GCATACAAGCTAGTTC-1,1
GCATACACAATCCAAC-1,5
GCATACACACGAAGCA-1,7
GCATACAGTACATCCA-1,9
GCATACAGTCGAAAGC-1,6
GCATACATCACTCCTG-1,3
GCATACATCTGCCCTA-1,1
GCATACATCTTCAACT-1,3
GCATGATAGATTACCC-1,7
GCATGATAGTACGCCC-1,4
GCATGATAGTCTCAAC-1,5
GCATGATCATTCGACA-1,6
GCATGATGTTAGATGA-1,4
GCATGATGTTATGTGC-1,2
GCATGATTCAAACAAG-1,2
GCATGATTCAGGTAAA-1,2
GCATGCGAGGGTATCG-1,7
GCATGCGAGGTGATAT-1,3
GCATGCGCAATGGAGC-1,4
GCATGCGCACCGAATT-1,5
GCATGCGCATACTCTT-1,3
GCATGCGGTCGAATCT-1,5
GCATGCGGTGACAAAT-1,5
GCATGCGTCACCTCGT-1,1
GCATGTAAGGCCCTCA-1,1
GCATGTAAGTGAAGTT-1,8
GCATGTACACATGACT-1,9
GCATGTACACGGTAAG-1,6
GCATGTACATATACCG-1,4
GCATGTAGTACCGTAT-1,3
GCATGTAGTCCGAAGA-1,9
GCATGTAGTTATGTGC-1,4
GCATGTATCAAACAAG-1,1
GCATGTATCTCCAGGG-1,3
GCCAAATAGCACCGCT-1,9
GCCAAATCAAGAGTCG-1,1
GCCAAATCACAGGTTT-1,8
GCCAAATCATGTAGTC-1,1
GCCAAATGTAGTAGTA-1,1
GCCAAATGTATAGTAG-1,6
GCCAAATTCATTTGGG-1,3
GCCAAATTCCTAAGTG-1,4
GCCTCTAAGAAGCCCA-1,1
GCCTCTAAGCTAGGCA-1,6
GCCTCTAAGTACGATA-1,7
GCCTCTACAATAACGA-1,4
GCCTCTACACAGATTC-1,3
GCCTCTACACGGCGTT-1,3
GCCTCTAGTGCGAAAC-1,1
GCCTCTAGTTCGCGAC-1,3
GCCTCTATCAGGCGAA-1,2
GCCTCTATCAGTCCCT-1,1
GCCTCTATCGAGAGCA-1,3
GCGACCAAGTGCGTGA-1,4
GCGACCACACTACAGT-1,6
GCGACCACATGCCACG-1,2
GCGACCACATGCCTTC-1,1
GCGACCATCGTCTGCT-1,9
GCGAGAAAGTACGATA-1,1
GCGAGAACACCCATGG-1,2
GCGAGAACAGTTCCCT-1,5
GCGAGAACATATACCG-1,6
GCGAGAACATGGGAAC-1,4
GCGAGAAGTATCGCAT-1,1
GCGAGAATCCATGAGT-1,1
GCGCAACAGATCCCAT-1,3
GCGCAACAGGGATGGG-1,1
GCGCAACCACATTCGA-1,2
GCGCAACCATGGTCAT-1,8
GCGCAACGTAGCGTGA-1,2
GCGCAACGTGGTCCGT-1,9
GCGCAACTCAATACCG-1,5
GCGCAGTAGCTTTGGT-1,5
GCGCAGTAGGACAGAA-1,2
GCGCAGTAGGATTCGG-1,8
GCGCAGTGTCCAAGTT-1,9
GCGCAGTTCCTTTACA-1,7
GCGCCAAAGGGCATGT-1,2
GCGCCAACAGGTGCCT-1,3
GCGCCAACAGTTTACG-1,4
GCGCCAAGTAACGACG-1,3
GCGCCAATCAGCTTAG-1,1
GCGCCAATCCGCATAA-1,7
GCGCCAATCCGTCAAA-1,2
GCGCCAATCCTGCCAT-1,1
GCGCGATAGACAGAGA-1,4
GCGCGATAGCAAATCA-1,8
GCGCGATAGGATGCGT-1,6
GCGCGATAGGTTCCTA-1,6
GCGCGATAGTGACTCT-1,7
GCGCGATCAAGTACCT-1,6
GCGCGATCAATGGAGC-1,7
GCGCGATGTCCATGAT-1,1
GCGCGATTCAGTGTTG-1,3
GCGCGATTCTACCTGC-1,1
GCGCGATTCTCAAACG-1,9
GCGGGTTAGCCGTCGT-1,3
GCGGGTTAGCGATAGC-1,5
GCGGGTTAGGTGATAT-1,2
GCGGGTTCAAGCCGCT-1,1
GCGGGTTCACATCTTT-1,2
GCGGGTTCACCGAAAG-1,9
GCGGGTTCAGTGAGTG-1,3
GCGGGTTGTCTTGCGG-1,5
GCGGGTTTCGGCGCAT-1,2
GCTCCTACAACACCTA-1,3
GCTCCTACATCACAAC-1,3
GCTCCTAGTAGCGCAA-1,4
GCTCCTAGTGCACCAC-1,5
GCTCCTAGTTCCGGCA-1,4
GCTCCTATCACCCGAG-1,2
GCTCTGTAGCAGGTCA-1,3
GCTCTGTCAGGTCTCG-1,6
GCTCTGTGTCGCCATG-1,5
GCTCTGTGTGCATCTA-1,8
GCTCTGTGTTGGTTTG-1,7
GCTCTGTTCAGAAATG-1,7
GCTCTGTTCTAACTTC-1,2
GCTCTGTTCTGGTTCC-1,8
GCTGCAGAGTGTACTC-1,5
GCTGCAGCATTAGGCT-1,1
GCTGCAGCATTCTTAC-1,4
GCTGCAGTCGCTTAGA-1,1
GCTGCAGTCTCTTATG-1,5
GCTGCGAAGCCTCGTG-1,2
GCTGCGAAGCGACGTA-1,4
GCTGCGAAGTCCGTAT-1,1
GCTGCGACAGTAACGG-1,2
GCTGCGACATCCTAGA-1,5
GCTGCGAGTACACCGC-1,5
GCTGCGAGTACAGTGG-1,4
GCTGCGAGTCAGGACA-1,2
GCTGCGAGTTGATTCG-1,6
GCTGCGATCAGCAACT-1,4
GCTGCGATCCGGCACA-1,5
GCTGCGATCTACCAGA-1,2
GCTGCGATCTGAGTGT-1,8
GCTGCTTCACCACCAG-1,4
GCTGCTTCATTGCGGC-1,1
GCTGCTTGTATAAACG-1,7
GCTGCTTGTCAGAAGC-1,4
GCTGCTTGTCCCTACT-1,6
GCTGCTTTCATGTAGC-1,3
GCTGCTTTCCGCATAA-1,3
GCTGCTTTCTTCATGT-1,2
GCTGGGTAGAGTACCG-1,5
GCTGGGTAGATTACCC-1,3
GCTGGGTCACATGGGA-1,7
GCTGGGTGTGTTCTTT-1,4
GCTGGGTGTTACCGAT-1,3
GCTGGGTTCCCTTGCA-1,6
GCTGGGTTCGCCGTGA-1,5
GCTGGGTTCGTATCAG-1,2
GCTGGGTTCTTTACAC-1,7
GCTTCCAAGCGTAGTG-1,3
GCTTCCACATCTGGTA-1,2
GCTTCCAGTCACCCAG-1,2
GCTTCCAGTTATGCGT-1,1
GCTTCCATCAGAAATG-1,9
GCTTCCATCGGAGCAA-1,1
GCTTCCATCTATCCCG-1,1
GCTTCCATCTTGAGGT-1,3
GCTTGAAAGAAAGTGG-1,5
GCTTGAAAGATCGGGT-1,4
GCTTGAAAGCGCTTAT-1,2
GCTTGAAAGGTGCTTT-1,2
GCTTGAACAAGCCATT-1,8
GCTTGAACAATCGGTT-1,1
GCTTGAAGTCGACTGC-1,8
GCTTGAAGTCGCCATG-1,3
GCTTGAAGTGCTTCTC-1,1
GCTTGAAGTTCCCGAG-1,1
GCTTGAATCGTGACAT-1,6
GGAAAGCCAGTCTTCC-1,6
GGAAAGCCATGCCCGA-1,8
GGAAAGCGTATAATGG-1,7
GGAAAGCGTCAACATC-1,6
GGAAAGCGTCTCCCTA-1,3
GGAAAGCGTTAGTGGG-1,2
GGAAAGCTCAACACAC-1,2
GGAAAGCTCTTTAGTC-1,6
GGAACTTCACAGACTT-1,5
GGAACTTGTAAAGGAG-1,1
GGAACTTTCAGGCAAG-1,4
GGAACTTTCAGTTTGG-1,4
GGAACTTTCCCAAGTA-1,2
GGAACTTTCGGACAAG-1,1
GGAATAAAGCCAGTAG-1,4
GGAATAACAATGGTCT-1,2
GGAATAACATGGGACA-1,7
GGAATAAGTCGCCATG-1,4
GGAATAAGTGCAACTT-1,1
GGAATAAGTGCCTGCA-1,2
GGAATAAGTTCCAACA-1,7
GGAATAAGTTCGAATC-1,3
GGACAAGCAGTCAGAG-1,2
GGACAAGCATGATCCA-1,7
GGACAAGGTAAACACA-1,5
GGACAAGGTGCAACTT-1,4
GGACAAGTCAGCTCGG-1,4
GGACAAGTCCACTGGG-1,8
GGACAGAAGCTTTGGT-1,6
GGACAGACATTGAGCT-1,3
GGACAGAGTGCTTCTC-1,1
GGACAGATCACGCATA-1,6
GGACAGATCCGAACGC-1,4
GGACATTCATCTATGG-1,6
GGACATTGTCTGGAGA-1,2
GGACATTTCCCTCAGT-1,3
GGACGTCAGATTACCC-1,4
GGACGTCAGGTGTTAA-1,9
GGACGTCCACACGCTG-1,2
GGACGTCCACACTGCG-1,6
GGACGTCCACGGCGTT-1,2
GGACGTCCACTTAAGC-1,6
GGACGTCCAGGCAGTA-1,1
GGACGTCCATAGAAAC-1,4
GGACGTCCATGGTCAT-1,1
GGACGTCGTCATCGGC-1,6
GGACGTCGTCTGATTG-1,1
GGACGTCGTGACTCAT-1,6
GGAGCAAAGTGAAGTT-1,4
GGAGCAACAGACAAAT-1,2
GGAGCAACAGATGGGT-1,6
GGAGCAACAGGATCGA-1,7
GGAGCAAGTCTCATCC-1,1
GGAGCAAGTGACGCCT-1,4
GGAGCAAGTGATAAGT-1,6
GGAGCAAGTGCAACGA-1,9
GGAGCAATCCGCAAGC-1,2
GGATGTTAGACGCACA-1,4
GGATGTTAGGGATCTG-1,1
GGATGTTAGGGTGTGT-1,5
GGATGTTAGTACGACG-1,3
GGATGTTAGTACGCCC-1,3
GGATGTTGTCAAGCGA-1,1
GGATGTTGTGAGGCTA-1,3
GGATGTTGTGCACCAC-1,9
GGATGTTGTTAAGACA-1,3
GGATGTTTCTGTACGA-1,1
GGATTACAGAAACCAT-1,3
GGATTACAGAGAACAG-1,2
GGATTACAGGTGGGTT-1,5
GGATTACAGTGGAGAA-1,3
GGATTACAGTGGGCTA-1,7
GGATTACCAAGCGATG-1,2
GGATTACGTCGCGTGT-1,4
GGATTACGTTGATTCG-1,2
GGATTACTCACCAGGC-1,1
GGATTACTCAGCGATT-1,8
GGCAATTAGACTAGAT-1,4
GGCAATTCAAGCTGGA-1,2
GGCAATTGTATTACCG-1,3
GGCAATTGTCTAGCGC-1,5
GGCAATTGTCTTGATG-1,1
GGCAATTTCAGCTCTC-1,2
GGCAATTTCCGTTGCT-1,8
GGCAATTTCTAAGCCA-1,1
GGCCGATAGAGTCTGG-1,2
GGCCGATCAATCTACG-1,5
GGCCGATCACGAAATA-1,2
GGCCGATCATTTGCTT-1,3
GGCCGATGTGCAGGTA-1,7
GGCCGATGTGTCGCTG-1,6
GGCCGATGTTAAAGTG-1,3
GGCCGATTCATCGGAT-1,2
GGCGACTAGAGGTACC-1,4
GGCGACTAGTCTCAAC-1,2
GGCGACTCAATGGAGC-1,7
GGCGACTGTATATGGA-1,3
GGCGACTTCCGAAGAG-1,1
GGCGACTTCGAATGGG-1,5
GGCGTGTAGTGAACAT-1,5
GGCGTGTAGTGCCATT-1,4
GGCGTGTCAATGGAAT-1,5
GGCGTGTCACATAACC-1,3
GGCGTGTCACCCATGG-1,4
GGCGTGTTCAAAGACA-1,4
GGCGTGTTCGAATGCT-1,6
GGCGTGTTCGTAGGAG-1,1
GGCTCGAAGGTAGCTG-1,2
GGCTCGAAGTGAAGAG-1,9
GGCTCGACACAGATTC-1,4
GGCTCGACAGCCTATA-1,2
GGCTCGACAGCCTTTC-1,2
GGCTCGACATTACGAC-1,3
GGCTCGACATTCCTCG-1,1
GGCTCGAGTGACGGTA-1,1
GGCTCGATCAACACTG-1,2
GGCTCGATCCTTAATC-1,7
GGCTGGTAGGCGCTCT-1,5
GGCTGGTCAAGCGATG-1,6
GGCTGGTCAATGAATG-1,1
GGCTGGTCACCACGTG-1,3
GGCTGGTCACGTAAGG-1,7
GGCTGGTGTCTAGCGC-1,8
GGCTGGTTCTTGTCAT-1,2
GGGAATGAGCCCAATT-1,7
GGGAATGAGGCTAGAC-1,4
GGGAATGCAGCGTCCA-1,2
GGGAATGCATACTCTT-1,1
GGGAATGGTACCGGCT-1,8
GGGAATGGTTAAAGTG-1,7
GGGAATGGTTACGGAG-1,2
GGGAATGTCAACGCTA-1,2
GGGAATGTCCGAACGC-1,3
GGGAATGTCTGTTGAG-1,1
GGGACCTAGGAGTAGA-1,6
GGGACCTAGGGATGGG-1,6
GGGACCTCAAACGCGA-1,5
GGGACCTGTAGCGTGA-1,1
GGGACCTGTTTAGGAA-1,1
GGGACCTTCCGTACAA-1,4
GGGACCTTCTTCGGTC-1,1
GGGAGATAGCTCCCAG-1,2
GGGAGATAGGAGTAGA-1,3
GGGAGATAGTGTGAAT-1,2
GGGAGATCAAGAAAGG-1,2
GGGAGATCATGATCCA-1,1
GGGAGATGTTCTCATT-1,1
GGGAGATTCCACGTGG-1,3
GGGAGATTCGGTCCGA-1,4
GGGAGATTCTCTAAGG-1,2
GGGAGATTCTTTAGTC-1,3
GGGATGAAGCTGAACG-1,9
GGGATGACAAACGTGG-1,2
GGGATGACAAGTCATC-1,3
GGGATGACACGTAAGG-1,6
GGGATGACAGTAAGCG-1,3
GGGATGAGTAAGCACG-1,2
GGGATGATCGTTGACA-1,6
GGGATGATCTCTGAGA-1,5
GGGCACTAGCAATATG-1,6
GGGCACTAGCTAGGCA-1,1
GGGCACTAGGCTAGAC-1,1
GGGCACTGTAAGGGCT-1,7
GGGCACTGTTCCATGA-1,2
GGGCACTTCACTATTC-1,8
GGGCATCAGGGCACTA-1,1
GGGCATCCACGAAAGC-1,6
GGGCATCCACGGTAGA-1,1
GGGCATCTCTCATTCA-1,6
GGGTCTGCAATGCCAT-1,4
GGGTCTGGTCAGCTAT-1,3
GGGTCTGGTCGAACAG-1,5
GGGTCTGTCCCGGATG-1,4
GGGTCTGTCGCAAGCC-1,5
GGGTCTGTCTCTGTCG-1,3
GGGTCTGTCTGTTGAG-1,1
GGGTTGCAGATGTCGG-1,4
GGGTTGCCAGCCAGAA-1,3
GGGTTGCGTAGCGTCC-1,1
GGGTTGCGTCAGATAA-1,2
GGGTTGCGTGGGTCAA-1,1
GGGTTGCTCACCTTAT-1,5
GGGTTGCTCCTAGAAC-1,1
GGTATTGAGATTACCC-1,7
GGTATTGAGGATGGAA-1,1
GGTATTGCACCGCTAG-1,1
GGTATTGCACGCATCG-1,6
GGTATTGGTCACCTAA-1,1
GGTATTGGTGTGAAAT-1,2
GGTGAAGAGATGTGGC-1,3
GGTGAAGAGGCAAAGA-1,1
GGTGAAGAGGGAGTAA-1,6
GGTGAAGCACAAGACG-1,6
GGTGAAGCATCGGGTC-1,1
GGTGAAGTCATCGCTC-1,6
GGTGCGTAGACATAAC-1,2
GGTGCGTAGCGAGAAA-1,4
GGTGCGTAGTATCGAA-1,1
GGTGCGTAGTGATCGG-1,5
GGTGCGTCAACACCTA-1,4
GGTGCGTGTCCATCCT-1,7
GGTGCGTGTCTAGCCG-1,1
GGTGCGTTCCCAAGTA-1,2
GGTGCGTTCGAGAACG-1,5
GGTGCGTTCGGTCTAA-1,2
GGTGTTAAGGACAGAA-1,8
GGTGTTAAGTGATCGG-1,6
GGTGTTACAAACTGTC-1,5
GGTGTTACAGATCTGT-1,4
GGTGTTACATCCGTGG-1,1
GGTGTTAGTGGTCCGT-1,9
GGTGTTATCAAGGCTT-1,4
GGTGTTATCTTTAGGG-1,5
GTAACGTAGCAGGCTA-1,3
GTAACGTAGTGGGATC-1,4
GTAACGTCAAGGACTG-1,6
GTAACGTCACATTCGA-1,4
GTAACGTCACGGCTAC-1,3
GTAACGTCACTTCGAA-1,4
GTAACGTTCAGGCAAG-1,7
GTAACGTTCCTATTCA-1,5
GTAACTGAGACTAGAT-1,4
GTAACTGCAGACGCTC-1,6
GTAACTGGTCCCTTGT-1,3
GTAACTGGTGATGCCC-1,6
GTAACTGGTTAAAGAC-1,3
GTAACTGGTTACGTCA-1,9
GTAACTGTCCCTAACC-1,1
GTAACTGTCGGTTAAC-1,1
GTACGTAAGTCGTTTG-1,4
GTACGTACAAACCCAT-1,4
GTACGTACAAAGTGCG-1,7
GTACGTACACATCCAA-1,2
GTACGTAGTGAACCTT-1,1
GTACGTAGTTCCACAA-1,7
GTACGTAGTTCGTTGA-1,5
GTACGTATCGAGAACG-1,5
GTACTCCAGAAACGCC-1,6
GTACTCCAGAACAATC-1,2
GTACTCCAGGAGTACC-1,2
GTACTCCAGTGGAGAA-1,2
GTACTCCCATCCCATC-1,6
GTACTCCGTACCCAAT-1,4
GTACTCCGTCTCTTTA-1,6
GTACTCCGTGCTGTAT-1,6
GTACTCCTCCGTCATC-1,4
GTACTCCTCGGTGTTA-1,7
GTACTTTAGAGCTGCA-1,1
GTACTTTAGAGGTTAT-1,1
GTACTTTAGGTTCCTA-1,1
GTACTTTCAAGACGTG-1,4
GTACTTTCAGCGATCC-1,6
GTACTTTTCACAGGCC-1,4
GTACTTTTCAGGCGAA-1,3
GTAGGCCAGCTCCTCT-1,7
GTAGGCCAGGACATTA-1,1
GTAGGCCAGGCTAGCA-1,6
GTAGGCCCAAGGGTCA-1,3
GTAGGCCCAGCTGTGC-1,2
GTAGGCCCATGCAATC-1,2
GTAGGCCGTAAACACA-1,4
GTAGGCCTCACCTCGT-1,4
GTAGGCCTCAGTGTTG-1,4
GTAGTCAAGGTGCACA-1,3
GTAGTCAAGGTGCTAG-1,1
GTAGTCAAGTGCGTGA-1,4
GTAGTCACAAGGGTCA-1,1
GTAGTCACACCAGGCT-1,1
GTAGTCAGTACCAGTT-1,2
GTAGTCAGTGGCAAAC-1,6
GTAGTCATCACATGCA-1,2
GTAGTCATCCAAGCCG-1,1
GTAGTCATCCGTAGTA-1,6
GTAGTCATCGTTTATC-1,5
GTAGTCATCTTGGGTA-1,1
GTATCTTAGAGAGCTC-1,6
GTATCTTAGTCAAGGC-1,2
GTATCTTGTCCAGTAT-1,8
GTATCTTGTCTCCCTA-1,9
GTATCTTTCATGGTCA-1,2
GTATCTTTCATTCACT-1,7
GTATCTTTCTGCGGCA-1,7
GTATTCTAGGGATACC-1,1
GTATTCTCACAACTGT-1,2
GTATTCTCATGTAGTC-1,4
GTATTCTCATTGGTAC-1,8
GTATTCTTCATGTCCC-1,5
GTATTCTTCCAAACAC-1,3
GTCAAGTAGCTAGTCT-1,5
GTCAAGTAGGAGTCTG-1,5
GTCAAGTAGTTATCGC-1,4
GTCAAGTAGTTTCCTT-1,6
GTCAAGTCAAAGCGGT-1,1
GTCACAAAGGGCTTGA-1,3
GTCACAACACCAGGTC-1,1
GTCACAATCCTTAATC-1,1
GTCACAATCGCGATCG-1,2
GTCACGGAGAATCTCC-1,3
GTCACGGAGCTAGTCT-1,4
GTCACGGAGGAGTCTG-1,4
GTCACGGCACGAAACG-1,8
GTCACGGCATTCTTAC-1,1
GTCATTTAGATGTCGG-1,9
GTCATTTCAGCGAACA-1,3
GTCATTTTCAGGTAAA-1,1
GTCATTTTCATTGCCC-1,4
GTCATTTTCGATAGAA-1,7
GTCATTTTCGTCTGCT-1,1
GTCATTTTCTGTCCGT-1,3
GTCCTCACAAGAGGCT-1,1
GTCCTCACACCTATCC-1,1
GTCCTCACATCTACGA-1,1
GTCCTCAGTAGCGATG-1,3
GTCCTCAGTGTAATGA-1,4
GTCCTCAGTTCGTCTC-1,4
GTCCTCATCGTTGCCT-1,1
GTCCTCATCTGTTTGT-1,2
GTCCTCATCTTACCTA-1,1
GTCGGGTAGAAGGTGA-1,9
GTCGGGTAGAGTCTGG-1,6
GTCGGGTAGGCAATTA-1,1
GTCGGGTCACAGAGGT-1,1
GTCGGGTCAGACAGGT-1,2
GTCGGGTGTACCTACA-1,5
GTCGGGTGTCTTCTCG-1,4
GTCGGGTGTTAAGTAG-1,5
GTCGGGTTCATTGCGA-1,3
GTCGGGTTCGCAAGCC-1,2
GTCGTAAAGGACTGGT-1,1
GTCGTAACACGAAATA-1,2
GTCGTAACAGCCTTGG-1,2
GTCGTAATCCATGAAC-1,7
GTCTCGTGTTGGGACA-1,2
GTCTCGTTCACATGCA-1,3
GTCTCGTTCTCGGACG-1,6
GTCTCGTTCTCTGAGA-1,9
GTCTTCGAGTCGTACT-1,2
GTCTTCGCAAGAAAGG-1,2
GTCTTCGCAAGCGTAG-1,4
GTCTTCGCACAGTCGC-1,2
GTCTTCGCACTCGACG-1,5
GTCTTCGCAGGGAGAG-1,6
GTCTTCGCATGAAGTA-1,3
GTCTTCGGTAATCACC-1,2
GTCTTCGGTGGGTATG-1,3
GTGAAGGAGCAACGGT-1,3
GTGAAGGAGCTCTCGG-1,1
GTGAAGGCATCTATGG-1,3
GTGAAGGGTAGTAGTA-1,3
GTGAAGGGTCCCGACA-1,3
GTGAAGGGTCGAAAGC-1,7
GTGAAGGGTGTTAAGA-1,4
GTGAAGGTCACTGGGC-1,1
GTGCAGCAGTCTCAAC-1,2
GTGCAGCCAATCAGAA-1,1
GTGCAGCCATCCTAGA-1,1
GTGCAGCGTAGCTTGT-1,7
GTGCAGCGTCTCACCT-1,4
GTGCATAAGATAGTCA-1,8
GTGCATACAACTGGCC-1,4
GTGCATACAAGTACCT-1,7
GTGCATAGTAGCTAAA-1,6
GTGCATAGTTAAAGTG-1,3
GTGCATATCACGATGT-1,4
GTGCATATCTCGTATT-1,6
GTGCGGTAGAAGGGTA-1,2
GTGCGGTAGAGCTTCT-1,7
GTGCGGTAGCATGGCA-1,6
GTGCGGTAGCCTCGTG-1,1
GTGCGGTAGCGTGTCC-1,2
GTGCGGTAGGTGATTA-1,1
GTGCGGTCACACAGAG-1,7
GTGCGGTCACGAAAGC-1,6
GTGCGGTCACGGTTTA-1,3
GTGCGGTGTACCATCA-1,1
GTGCGGTGTGACTACT-1,1
GTGCGGTGTTAGAACA-1,1
GTGCGGTTCCAAACTG-1,7
GTGCGGTTCGGTCCGA-1,3
GTGCGGTTCGTAGGTT-1,4
GTGCTTCAGAAGGCCT-1,2
GTGCTTCCAAACGTGG-1,5
GTGCTTCCAAGTCATC-1,5
GTGCTTCCAGACTCGC-1,3
GTGCTTCCATCCGCGA-1,4
GTGCTTCGTCTCCCTA-1,5
GTGCTTCTCAACGGCC-1,5
GTGCTTCTCGTCTGCT-1,2
GTGGGTCAGGTTACCT-1,1
GTGGGTCCAGAGCCAA-1,7
GTGGGTCCAGAGTGTG-1,6
GTGGGTCCAGGGTTAG-1,3
GTGGGTCCATGTCGAT-1,3
GTGGGTCGTACGCTGC-1,7
GTGGGTCTCAGCTTAG-1,9
GTGGGTCTCATGGTCA-1,5
GTGTGCGAGATCTGAA-1,1
GTGTGCGAGATGAGAG-1,1
GTGTGCGCACGAAGCA-1,2
GTGTGCGGTAAACACA-1,4
GTGTGCGGTAACGCGA-1,4
GTGTGCGGTAAGTGTA-1,9
GTGTGCGGTTAAGATG-1,1
GTGTGCGTCACAGGCC-1,7
GTGTGCGTCTGAAAGA-1,7
GTGTTAGAGCAGATCG-1,6
GTGTTAGAGGCAATTA-1,4
GTGTTAGAGGGTCTCC-1,6
GTGTTAGGTCTAAAGA-1,3
GTGTTAGGTTGCCTCT-1,8
GTGTTAGGTTGGGACA-1,2
GTGTTAGTCAAAGACA-1,2
GTGTTAGTCAGTCAGT-1,3
GTGTTAGTCAGTTTGG-1,5
GTGTTAGTCCACGTGG-1,4
GTGTTAGTCTTGACGA-1,4
GTTAAGCAGCTAACTC-1,5
GTTAAGCAGCTACCGC-1,4
GTTAAGCAGTGGACGT-1,1
GTTAAGCCAGCGATCC-1,1
GTTAAGCGTAGGGTAC-1,1
GTTAAGCTCAGGCGAA-1,2
GTTAAGCTCAGTACGT-1,2
GTTACAGAGACAGAGA-1,4
GTTACAGAGCCGCCTA-1,3
GTTACAGAGGCCGAAT-1,1
GTTACAGCAAAGGCGT-1,6
GTTACAGCACCTATCC-1,3
GTTACAGTCATCGGAT-1,4
GTTACAGTCTGCTGTC-1,3
GTTCATTAGACTAAGT-1,2
GTTCATTCAAAGCAAT-1,2
GTTCATTCAAGCCCAC-1,1
GTTCATTGTAGAAAGG-1,5
GTTCATTGTCCGAGTC-1,1
GTTCATTTCAGTGCAT-1,8
GTTCATTTCGACGGAA-1,1
GTTCGGGAGCCGGTAA-1,5
GTTCGGGCATATGCTG-1,9
GTTCGGGCATGTCCTC-1,6
GTTCGGGTCTTATCTG-1,7
GTTCTCGAGAAGGTGA-1,3
GTTCTCGAGATACACA-1,1
GTTCTCGGTCGTTGTA-1,5
GTTCTCGTCAGTTGAC-1,2
GTTCTCGTCGGAGCAA-1,1
GTTTCTACACACGCTG-1,1
GTTTCTACAGCGAACA-1,8
GTTTCTACATTACCTT-1,3
GTTTCTAGTAAAGTCA-1,7
GTTTCTAGTTTAAGCC-1,3
GTTTCTATCGACAGCC-1,1
TAAACCGAGGGCTTCC-1,1
TAAACCGCATCTATGG-1,1
TAAACCGGTAAGTAGT-1,5
TAAACCGTCATTCACT-1,3
TAAACCGTCTCGATGA-1,7
TAAGAGAAGAGCTTCT-1,1
TAAGAGAAGGTGCTTT-1,9
TAAGAGAAGTACATGA-1,6
TAAGAGACAAACTGTC-1,5
TAAGAGACAAGCTGAG-1,5
TAAGAGACAGCGTTCG-1,4
TAAGAGAGTAGGAGTC-1,3
TAAGAGAGTTGATTCG-1,6
TAAGAGATCATGCATG-1,1
TAAGAGATCCGTTGTC-1,2
TAAGAGATCGGCTACG-1,5
TAAGCGTAGACCTAGG-1,3
TAAGCGTAGAGTCGGT-1,2
TAAGCGTAGCTTCGCG-1,1
TAAGTGCAGCATCATC-1,5
TAAGTGCCACTTAAGC-1,5
TAAGTGCCATGCTGGC-1,7
TAAGTGCGTAGCGTAG-1,1
TAAGTGCGTGAGGGTT-1,4
TAAGTGCTCTGTACGA-1,3
TAAGTGCTCTGTTGAG-1,1
TACACGAAGGACCACA-1,8
TACACGAAGGTGACCA-1,3
TACACGAAGTACTTGC-1,2
TACACGAAGTGTCCAT-1,4
TACACGACAAGAGTCG-1,5
TACACGACAAGGTTTC-1,1
TACACGACACAGGCCT-1,6
TACACGACAGATCCAT-1,2
TACACGACAGCTATTG-1,1
TACACGACAGTATGCT-1,3
TACACGAGTGTGACCC-1,4
TACACGATCACCGGGT-1,2
TACACGATCCGTTGCT-1,2
TACAGTGAGAAGGTTT-1,1
TACAGTGCACAAGCCC-1,5
TACAGTGCACTTGGAT-1,6
TACAGTGCAGTCACTA-1,3
TACAGTGGTCAGCTAT-1,4
TACAGTGGTGTGTGCC-1,6
TACAGTGTCACTCCTG-1,3
TACAGTGTCCACTGGG-1,7
TACCTATAGGATGGAA-1,6
TACCTATAGTACGTAA-1,3
TACCTATAGTTAACGA-1,6
TACCTATGTTTGCATG-1,6
TACCTATTCAGTTTGG-1,6
TACCTTAAGAAGGCCT-1,2
TACCTTAAGGCCCGTT-1,3
TACCTTACACATTAGC-1,9
TACCTTAGTAAGGGAA-1,3
TACCTTAGTCATACTG-1,1
TACCTTAGTGCAACTT-1,2
TACCTTAGTGGCAAAC-1,4
TACCTTAGTTAGTGGG-1,4
TACCTTATCACCCTCA-1,3
TACCTTATCCTTGGTC-1,1
TACGGATAGCCCAATT-1,6
TACGGATAGGATCGCA-1,3
TACGGATAGTCGCCGT-1,6
TACGGATAGTTATCGC-1,3
TACGGATCAAATCCGT-1,1
TACGGATCACTCGACG-1,4
TACGGATCATGCTAGT-1,6
TACGGATGTCATGCCG-1,2
TACGGATGTCGCGAAA-1,4
TACGGATTCAGTTTGG-1,8
TACGGATTCCGGGTGT-1,4
TACGGATTCGCCCTTA-1,6
TACGGGCAGAGCTGGT-1,1
TACGGGCAGCAGCGTA-1,3
TACGGGCAGGACAGAA-1,9
TACGGGCAGGCCATAG-1,9
TACGGGCGTCAGCTAT-1,1
TACGGGCGTCGCGAAA-1,8
TACGGGCGTTGACGTT-1,4
TACGGTACACCACGTG-1,1
TACGGTACACCTTGTC-1,5
TACGGTACATTGTGCA-1,1
TACGGTAGTATTAGCC-1,1
TACGGTATCCGTCAAA-1,6
TACTCATAGAAACCAT-1,5
TACTCATAGCCCAGCT-1,4
TACTCATCAAGAAAGG-1,5
TACTCATCAATGACCT-1,3
TACTCATCACCCATGG-1,5
TACTCATCACTCTGTC-1,2
TACTCATCAGGACCCT-1,3
TACTCATGTGTAACGG-1,3
TACTCATGTTCCCGAG-1,3
TACTCATGTTTGCATG-1,6
TACTCATTCAGAGACG-1,5
TACTCATTCGGTTAAC-1,4
TACTCATTCGTAGGTT-1,7
TACTCATTCGTCGTTC-1,1
TACTCATTCTCATTCA-1,7
TACTCGCAGGGTCGAT-1,1
TACTCGCCAAGCCATT-1,4
TACTCGCCAATGGTCT-1,6
TACTCGCCACGCATCG-1,6
TACTCGCCAGCTATTG-1,5
TACTCGCGTCGATTGT-1,4
TACTCGCGTTATGCGT-1,1
TACTCGCTCAATCACG-1,1
TACTCGCTCGCACTCT-1,3
TACTTACAGATATACG-1,5
TACTTACAGGAGCGTT-1,6
TACTTACAGTACACCT-1,2
TACTTACAGTTCGATC-1,2
TACTTACCAATGTAAG-1,1
TACTTACCACCCATGG-1,1
TACTTACGTCATACTG-1,1
TACTTACGTCATGCCG-1,6
TACTTACGTCGATTGT-1,9
TACTTACGTCTCATCC-1,2
TACTTACTCAACACAC-1,5
TACTTACTCACCCGAG-1,1
TACTTGTAGCATGGCA-1,3
TACTTGTAGTTAGCGG-1,3
TACTTGTAGTTGAGTA-1,4
TACTTGTCAATAGCGG-1,6
TACTTGTCAGGAACGT-1,2
TACTTGTTCAACACGT-1,4
TACTTGTTCAACGGGA-1,9
TACTTGTTCTCCTATA-1,8
TAGACCAAGCGCTTAT-1,3
TAGACCACACAGTCGC-1,8
TAGACCACAGTGAGTG-1,2
TAGACCAGTATAGTAG-1,5
TAGACCAGTCCGACGT-1,6
TAGACCAGTCTCTTTA-1,1
TAGACCAGTTTGTTTC-1,3
TAGACCATCCGCATCT-1,4
TAGAGCTAGATACACA-1,9
TAGAGCTAGCACCGCT-1,4
TAGAGCTAGGAGTTGC-1,2
TAGAGCTAGGGAACGG-1,4
TAGAGCTAGTAACCCT-1,5
TAGAGCTCACCACGTG-1,1
TAGAGCTGTAAATGTG-1,1
TAGAGCTGTAGATTAG-1,8
TAGAGCTGTGACAAAT-1,1
TAGAGCTGTGTGGTTT-1,1
TAGAGCTTCCCAACGG-1,4
TAGAGCTTCTTGACGA-1,4
TAGCCGGAGAAACCTA-1,7
TAGCCGGAGCTGAAAT-1,3
TAGCCGGAGGCATTGG-1,8
TAGCCGGCAATCACAC-1,5
TAGCCGGCAATCTGCA-1,1
TAGCCGGCACCCATGG-1,3
TAGCCGGCACCGCTAG-1,6
TAGCCGGCATACCATG-1,2
TAGCCGGGTAGGAGTC-1,6
TAGCCGGGTTACCGAT-1,5
TAGCCGGTCAGCTCGG-1,8
TAGCCGGTCAGGTAAA-1,4
TAGCCGGTCGGCTTGG-1,3
TAGGCATAGAGGGATA-1,2
TAGGCATAGTAATCCC-1,4
TAGGCATCACGGACAA-1,2
TAGGCATCATGGGACA-1,3
TAGGCATGTAAGAGGA-1,7
TAGGCATTCATCGGAT-1,5
TAGGCATTCTACTATC-1,5
TAGTGGTAGATCTGCT-1,4
TAGTGGTCAAGCCTAT-1,1
TAGTGGTCACTTGGAT-1,2
TAGTGGTGTCAAGCGA-1,5
TAGTGGTGTCTGATTG-1,6
TAGTGGTTCACATAGC-1,1
TAGTGGTTCCCTGACT-1,7
TAGTGGTTCTGCAGTA-1,1
TAGTGGTTCTTGAGGT-1,1
TAGTTGGAGCGATGAC-1,2
TAGTTGGAGCTACCGC-1,1
TAGTTGGAGGTGATAT-1,1
TAGTTGGAGTCACGCC-1,8
TAGTTGGCAACACCCG-1,2
TAGTTGGCACCTCGTT-1,5
TAGTTGGCATCTCGCT-1,8
TAGTTGGGTCAGTGGA-1,1
TAGTTGGTCAGTGTTG-1,3
TAGTTGGTCCAGGGCT-1,6
TAGTTGGTCCGCATAA-1,2
TATCAGGAGCGCTTAT-1,3
TATCAGGAGGCCCTCA-1,5
TATCAGGCACGAGAGT-1,7
TATCAGGCAGCGTCCA-1,7
TATCAGGCATGCCACG-1,8
TATCAGGTCAACGGCC-1,7
TATCAGGTCGCCCTTA-1,1
TATCTCAAGACACTAA-1,2
TATCTCAAGCCCAGCT-1,3
TATCTCAAGGCGCTCT-1,2
TATCTCACAAACTGTC-1,2
TATCTCACAAGAAAGG-1,5
TATCTCAGTGCACCAC-1,5
TATCTCATCATACGGT-1,2
TATGCCCGTACCGTTA-1,4
TATGCCCGTCAGATAA-1,9
TATGCCCGTCCATGAT-1,1
TATGCCCGTTACGCGC-1,3
TATGCCCGTTAGAACA-1,6
TATGCCCGTTCAACCA-1,1
TATGCCCGTTCAGCGC-1,2
TATGCCCTCAACACCA-1,4
TATGCCCTCATTATCC-1,4
TATGCCCTCCATGCTC-1,3
TATGCCCTCCCAACGG-1,5
TATTACCAGGACAGCT-1,2
TATTACCAGTGAACAT-1,7
TATTACCCAGGTGCCT-1,9
TATTACCGTCAATACC-1,4
TATTACCTCGAACGGA-1,7
TCAACGAAGACTAGAT-1,9
TCAACGAAGAGACTAT-1,1
TCAACGAAGTGGTAAT-1,1
TCAACGACACAGGAGT-1,7
TCAACGACACGAGAGT-1,5
TCAACGACACGGCGTT-1,7
TCAACGAGTGTAACGG-1,2
TCAACGAGTTATGCGT-1,8
TCAACGAGTTCCACAA-1,3
TCAACGATCACTTCAT-1,9
TCAACGATCTGCGACG-1,2
TCAATCTAGCAAATCA-1,1
TCAATCTAGCCACGTC-1,3
TCAATCTAGCGAAGGG-1,7
TCAATCTAGCTAAACA-1,2
TCAATCTCACAGGCCT-1,4
TCAATCTTCGAATCCA-1,4
TCAATCTTCTAACTCT-1,7
TCACAAGAGCCCAACC-1,5
TCACAAGAGCCGATTT-1,1
TCACAAGAGTACGATA-1,2
TCACAAGCACCGGAAA-1,4
TCACAAGTCAAACAAG-1,7
TCACAAGTCAACGGCC-1,4
TCACAAGTCAGGCGAA-1,5
TCACGAAGTCCCGACA-1,6
TCACGAAGTGACCAAG-1,6
TCACGAATCAACGAAA-1,1
TCAGATGAGAGTTGGC-1,1
TCAGATGAGTATTGGA-1,2
TCAGATGAGTCAAGGC-1,4
TCAGATGCATACTCTT-1,2
TCAGATGGTCGACTAT-1,1
TCAGATGTCATACGGT-1,4
TCAGATGTCCACTCCA-1,2
TCAGCAAAGAGCCCAA-1,1
TCAGCAAAGATGGGTC-1,2
TCAGCAACAATACGCT-1,3
TCAGCAAGTCAATGTC-1,3
TCAGCAAGTTCAACCA-1,3
TCAGCAATCAACACAC-1,1
TCAGCTCAGAGTCGGT-1,1
TCAGCTCAGCCGATTT-1,7
TCAGCTCAGTTCGATC-1,5
TCAGCTCCAGTCACTA-1,2
TCAGCTCCATGGAATA-1,1
TCAGCTCGTTCTGGTA-1,1
TCAGCTCTCAGGCGAA-1,1
TCAGCTCTCTAGCACA-1,3
TCAGGATAGGTCATCT-1,1
TCAGGATCAACACGCC-1,7
TCAGGATCAATCAGAA-1,1
TCAGGATTCCTTGCCA-1,2
TCAGGTAAGAGTCGGT-1,5
TCAGGTAAGATCTGCT-1,4
TCAGGTACACGAGGTA-1,5
TCAGGTAGTCGGCACT-1,1
TCAGGTAGTTGTCGCG-1,3
TCAGGTATCAGATAAG-1,9
TCATTACAGCTGCGAA-1,8
TCATTACCACGAGGTA-1,4
TCATTACCACTCTGTC-1,1
TCATTACCACTTGGAT-1,5
TCATTACGTACTTAGC-1,6
TCATTACGTCACACGC-1,1
TCATTACGTCCTCCAT-1,7
TCATTACGTGCCTGCA-1,6
TCATTACTCATGTCCC-1,2
TCATTACTCGCATGAT-1,6
TCATTACTCTTGTCAT-1,5
TCATTTGAGGATGGTC-1,1
TCATTTGCAAGGCTCC-1,1
TCATTTGCACAACGCC-1,6
TCATTTGCACACCGAC-1,5
TCATTTGCAGAAGCAC-1,1
TCATTTGGTAGGGACT-1,8
TCATTTGTCAAACCGT-1,6
TCATTTGTCACCCGAG-1,3
TCATTTGTCCTTGGTC-1,3
TCATTTGTCTTAGCCC-1,3
TCATTTGTCTTTAGGG-1,4
TCCACACAGACTTTCG-1,5
TCCACACAGCGACGTA-1,7
TCCACACAGTTTCCTT-1,4
TCCACACCAGGTGGAT-1,7
TCCACACGTCATCGGC-1,7
TCCACACGTCGATTGT-1,8
TCCACACGTGACCAAG-1,5
TCCACACGTGCAGACA-1,3
TCCACACGTGCGAAAC-1,5
TCCACACTCACAGTAC-1,4
TCCACACTCCTCCTAG-1,1
TCCACACTCGAATGCT-1,2
TCCACACTCTTCGAGA-1,3
TCCCGATAGATCGGGT-1,1
TCCCGATCAGGAATGC-1,6
TCCCGATGTACCGAGA-1,2
TCCCGATGTGTAATGA-1,3
TCGAGGCAGCCTATGT-1,6
TCGAGGCAGGATGGTC-1,6
TCGAGGCCAGCAGTTT-1,3
TCGAGGCCAGCGATCC-1,7
TCGAGGCGTACAGTGG-1,2
TCGAGGCGTGAAAGAG-1,4
TCGAGGCGTGATAAGT-1,3
TCGAGGCGTGCAGGTA-1,8
TCGAGGCGTTATCACG-1,1
TCGAGGCGTTCGTTGA-1,2
TCGAGGCGTTGGGACA-1,5
TCGCGAGAGATGTAAC-1,2
TCGCGAGAGCGCCTTG-1,1
TCGCGAGAGTGTTAGA-1,3
TCGCGAGCACACCGAC-1,5
TCGCGAGCACATCTTT-1,5
TCGCGAGGTAAAGGAG-1,4
TCGCGAGGTCGAGTTT-1,5
TCGCGAGGTTCCACGG-1,1
TCGCGAGGTTGTGGAG-1,4
TCGCGAGTCACTTACT-1,2
TCGCGAGTCGTTTAGG-1,6
TCGCGAGTCTTATCTG-1,1
TCGCGTTAGGGCTCTC-1,2
TCGCGTTCACACCGCA-1,2
TCGCGTTCAGATCCAT-1,2
TCGCGTTCAGCATGAG-1,8
TCGCGTTCATGCATGT-1,8
TCGCGTTGTAGCGCTC-1,5
TCGCGTTGTTCACCTC-1,4
TCGCGTTTCCTTCAAT-1,5
TCGCGTTTCGGTTAAC-1,6
TCGCGTTTCTCATTCA-1,1
TCGGGACGTTACCGAT-1,9
TCGGGACTCACGCGGT-1,3
TCGGGACTCTTCATGT-1,2
TCGGTAAAGATATACG-1,1
TCGGTAAAGCTGTTCA-1,8
TCGGTAAAGCTTCGCG-1,2
TCGGTAAAGTTCGCGC-1,1
TCGGTAACAGGGTTAG-1,7
TCGGTAAGTATCTGCA-1,9
TCGGTAAGTTAGGGTG-1,3
TCGGTAAGTTCGGGCT-1,1
TCGGTAATCAGGCGAA-1,1
TCGGTAATCATAAAGG-1,2
TCGGTAATCATCATTC-1,5
TCGGTAATCATGCAAC-1,6
TCGGTAATCCTTGACC-1,1
TCGGTAATCTAACCGA-1,3
TCGGTAATCTCGCATC-1,2
TCGTACCAGTCACGCC-1,3
TCGTACCCAAACTGCT-1,2
TCGTACCCAATAGCGG-1,1
TCGTACCCAGGTGGAT-1,1
TCGTACCGTACCATCA-1,4
TCGTACCGTTCTCATT-1,1
TCGTACCTCGCCCTTA-1,4
TCGTACCTCGCTTAGA-1,3
TCGTAGAAGCGATTCT-1,3
TCGTAGAAGCGCTCCA-1,3
TCGTAGACAGGCTGAA-1,1
TCGTAGAGTACCGTTA-1,6
TCGTAGATCAGCTCGG-1,8
TCTATTGAGCTAAGAT-1,5
TCTATTGCAGGGTATG-1,5
TCTATTGTCGGTGTCG-1,9
TCTCATAAGAATCTCC-1,3
TCTCATAAGCCTTGAT-1,2
TCTCATACAATGGAAT-1,6
TCTCATACAGCTATTG-1,4
TCTCATATCCAAACAC-1,7
TCTCTAAAGCTAGCCC-1,1
TCTCTAACAAACGCGA-1,3
TCTCTAACAGGAATGC-1,2
TCTCTAACAGTAACGG-1,1
TCTCTAAGTCAGAATA-1,7
TCTCTAATCACTTACT-1,6
TCTCTAATCCTAAGTG-1,4
TCTCTAATCGTACCGG-1,6
TCTCTAATCTGCCCTA-1,8
TCTGAGAAGCATGGCA-1,4
TCTGAGAAGCTATGCT-1,1
TCTGAGAAGGTTACCT-1,4
TCTGAGAAGTCATGCT-1,6
TCTGAGAAGTGAAGTT-1,2
TCTGAGACAGGTCGTC-1,1
TCTGAGAGTCATACTG-1,2
TCTGAGAGTTCTGTTT-1,1
TCTGGAAAGACTTTCG-1,2
TCTGGAAGTACTTAGC-1,3
TCTGGAATCCCTCTTT-1,1
TCTGGAATCTAACTGG-1,1
TCTGGAATCTGTCTAT-1,5
TCTTCGGAGCTACCGC-1,5
TCTTCGGAGGCTCTTA-1,1
TCTTCGGCAGATGGCA-1,5
TCTTCGGGTCAGTGGA-1,5
TCTTCGGGTCTTTCAT-1,2
TCTTCGGTCAAACCAC-1,5
TCTTCGGTCGGTGTTA-1,3
TCTTCGGTCTTATCTG-1,1
TCTTTCCCATGCAATC-1,2
TCTTTCCGTATATGAG-1,1
TCTTTCCTCAAGGCTT-1,4
TCTTTCCTCATTCACT-1,3
TCTTTCCTCTCCAGGG-1,2
TGAAAGAAGTTAGGTA-1,6
TGAAAGAGTCATACTG-1,3
TGAAAGATCAGCGACC-1,2
TGACAACAGAACTGTA-1,1
TGACAACAGGCTCATT-1,1
TGACAACAGTGCAAGC-1,2
TGACAACCAAGACGTG-1,1
TGACAACCAATGGATA-1,3
TGACAACCACCCTATC-1,1
TGACAACCATTCTCAT-1,1
TGACAACGTCCAGTTA-1,2
TGACGGCCAATGGAGC-1,1
TGACGGCGTCCGTGAC-1,6
TGACGGCGTGAAGGCT-1,6
TGACGGCGTTTCCACC-1,9
TGACGGCTCACAAACC-1,1
TGACGGCTCATCTGCC-1,8
TGACGGCTCGCGTTTC-1,4
TGACTAGAGGATGTAT-1,2
TGACTAGCAATCCGAT-1,2
TGACTAGCACAGTCGC-1,1
TGACTAGCAGGACCCT-1,7
TGACTAGGTCGAGTTT-1,1
TGACTTTAGAAACGCC-1,2
TGACTTTAGCTACCGC-1,1
TGACTTTCAAGCCGCT-1,2
TGACTTTCATACCATG-1,7
TGACTTTGTCTGATTG-1,1
TGACTTTTCACCTTAT-1,2
TGACTTTTCAGAGGTG-1,9
TGACTTTTCCAAACTG-1,6
TGACTTTTCCAGTAGT-1,4
TGACTTTTCGGGAGTA-1,8
TGACTTTTCTGATTCT-1,4
TGAGAGGCACATTCGA-1,9
TGAGAGGCATGGGACA-1,1
TGAGAGGCATTTGCCC-1,1
TGAGAGGGTTGTACAC-1,4
TGAGAGGTCACCATAG-1,4
TGAGAGGTCGGCGCTA-1,8
TGAGCATAGTCGTACT-1,2
TGAGCATCAAGTCTAC-1,6
TGAGCATCACACATGT-1,7
TGAGCATCAGCTGTGC-1,3
TGAGCATCATGGTAGG-1,1
TGAGCATCATGGTCAT-1,2
TGAGCATGTACAGACG-1,3
TGAGCATTCATACGGT-1,9
TGAGCATTCCAAGCCG-1,2
TGAGCCGAGGATTCGG-1,7
TGAGCCGAGTTAAGTG-1,6
TGAGCCGAGTTCGCGC-1,5
TGAGCCGCACCCATTC-1,1
TGAGCCGCAGACAAGC-1,4
TGAGCCGGTCAAACTC-1,2
TGAGCCGTCTGCCAGG-1,6
TGAGGGAAGACAAGCC-1,1
TGAGGGAAGATGTCGG-1,1
TGAGGGAAGGACATTA-1,7
TGAGGGAAGGCTCATT-1,4
TGAGGGACAAACGCGA-1,6
TGAGGGACAAGGACTG-1,7
TGAGGGACACCGATAT-1,5
TGAGGGACAGGGATTG-1,7
TGAGGGACAGGTGGAT-1,4
TGAGGGACATCACCCT-1,5
TGAGGGAGTCATGCCG-1,1
TGAGGGAGTCCAAGTT-1,2
TGAGGGAGTCCCTACT-1,3
TGAGGGAGTGGGTATG-1,4
TGAGGGATCCACTCCA-1,2
TGAGGGATCGAATGCT-1,4
TGAGGGATCTGCTTGC-1,9
TGATTTCAGAGTAATC-1,3
TGATTTCAGCGTTGCC-1,2
TGATTTCAGGATGGTC-1,4
TGATTTCAGTGTGGCA-1,4
TGATTTCCAATCAGAA-1,2
TGATTTCCAGCGAACA-1,2
TGATTTCCATCTCCCA-1,3
TGATTTCCATTAGGCT-1,2
TGATTTCGTCAAGCGA-1,4
TGATTTCGTCTCTTTA-1,5
TGCACCTAGAGATGAG-1,7
TGCACCTAGCCCAACC-1,5
TGCACCTGTCAATACC-1,4
TGCACCTTCATTCACT-1,1
TGCACCTTCGTACGGC-1,5
TGCACCTTCTAACTGG-1,2
TGCACCTTCTGTTGAG-1,2
TGCCAAAAGATGTAAC-1,1
TGCCAAAAGTTAGGTA-1,5
TGCCAAACAGTGACAG-1,3
TGCCAAAGTCGAAAGC-1,2
TGCCAAAGTTGTACAC-1,9
TGCCAAATCATCTGCC-1,6
TGCCCATAGACTGGGT-1,3
TGCCCATAGTACGATA-1,4
TGCCCATGTGCACGAA-1,3
TGCCCATTCACAATGC-1,2
TGCCCATTCCAGTAGT-1,1
TGCCCTAAGCGAGAAA-1,1
TGCCCTAAGCTTTGGT-1,1
TGCCCTACAATGTTGC-1,4
TGCCCTACATAGACTC-1,4
TGCCCTAGTAAGAGGA-1,4
TGCCCTAGTTACAGAA-1,7
TGCCCTATCGTAGGAG-1,2
TGCGCAGCAAGACACG-1,7
TGCGCAGCAGTATCTG-1,5
TGCGCAGCATGTTCCC-1,7
TGCGCAGGTAGCTTGT-1,2
TGCGCAGGTCATCGGC-1,4
TGCGCAGTCGTTACGA-1,4
TGCGCAGTCTGTGCAA-1,4
TGCGGGTAGACAAAGG-1,4
TGCGGGTAGTGTGAAT-1,4
TGCGGGTCATTCGACA-1,1
TGCGGGTGTCTAGTCA-1,5
TGCGGGTGTTCGCGAC-1,4
TGCGGGTTCTAACTGG-1,1
TGCGGGTTCTTGAGGT-1,1
TGCGTGGAGCCAGAAC-1,4
TGCGTGGAGGGCTTCC-1,3
TGCGTGGCATTCACTT-1,1
TGCGTGGGTATGGTTC-1,3
TGCGTGGGTCAAAGCG-1,2
TGCGTGGGTCATGCCG-1,8
TGCGTGGGTCGTCTTC-1,4
TGCGTGGGTTATGTGC-1,4
TGCGTGGTCAACACAC-1,3
TGCGTGGTCTCGCTTG-1,4
TGCGTGGTCTTCATGT-1,4
TGCTACCAGAAACCAT-1,2
TGCTACCAGGGCACTA-1,7
TGCTACCCACAACGTT-1,1
TGCTACCCATACGCTA-1,9
TGCTACCCATATGGTC-1,8
TGCTACCGTGTTGAGG-1,2
TGCTACCGTTATCACG-1,6
TGCTGCTAGACATAAC-1,7
TGCTGCTCACGTTGGC-1,3
TGCTGCTCATTGTGCA-1,4
TGCTGCTGTGTAACGG-1,8
TGCTGCTGTTACTGAC-1,1
TGCTGCTTCATACGGT-1,2
TGCTGCTTCATGTCCC-1,3
TGCTGCTTCGTCGTTC-1,3
TGGACGCAGATAGTCA-1,4
TGGACGCAGATCCGAG-1,3
TGGACGCCAACACGCC-1,6
TGGACGCCAATAGAGT-1,4
TGGACGCCAATCTACG-1,2
TGGACGCGTGAGCGAT-1,6
TGGACGCTCACCCGAG-1,2
TGGCCAGCAATAGAGT-1,4
TGGCCAGCAGATAATG-1,3
TGGCCAGCAGCTGTTA-1,1
TGGCCAGCAGGCTGAA-1,6
TGGCCAGCATGATCCA-1,6
TGGCCAGGTAAGTTCC-1,8
TGGCCAGGTCAGCTAT-1,5
TGGCCAGGTCGAAAGC-1,6
TGGCCAGTCCTCTAGC-1,9
TGGCGCAAGTCGATAA-1,8
TGGCGCAAGTGATCGG-1,6
TGGCGCAAGTGCGTGA-1,1
TGGCGCACAAGGCTCC-1,3
TGGCGCACAATGGTCT-1,6
TGGCGCACACGGTAAG-1,4
TGGCGCACAGCGTAAG-1,3
TGGCGCACATATGGTC-1,1
TGGCGCACATGCTAGT-1,3
TGGCGCACATGGTCTA-1,2
TGGCGCAGTCCTGCTT-1,2
TGGCGCAGTCTCTCGT-1,2
TGGCGCAGTGAAAGAG-1,2
TGGCGCAGTTCGTGAT-1,1
TGGCGCATCGAATGCT-1,3
TGGCGCATCTCGCTTG-1,1
TGGCTGGCAAGGTTCT-1,2
TGGCTGGCAGGGTATG-1,6
TGGCTGGGTCTTGCGG-1,3
TGGCTGGGTGGTACAG-1,8
TGGCTGGGTTAGTGGG-1,1
TGGCTGGGTTTGTGTG-1,2
TGGGAAGCAGAGCCAA-1,4
TGGGAAGCATCGTCGG-1,1
TGGGAAGGTGAGCGAT-1,5
TGGGAAGGTGGTCCGT-1,4
TGGGAAGGTTCAGGCC-1,7
TGGGAAGTCGGGAGTA-1,1
TGGGAAGTCTGTCCGT-1,1
TGGGCGTAGAATGTTG-1,5
TGGGCGTAGGATATAC-1,8
TGGGCGTCACAGACAG-1,6
TGGGCGTCACTTCTGC-1,6
TGGGCGTCACTTGGAT-1,6
TGGGCGTGTAGTAGTA-1,4
TGGGCGTTCCTTTACA-1,1
TGGTTAGAGAAAGTGG-1,7
TGGTTAGAGACCGGAT-1,3
TGGTTAGAGCCGATTT-1,5
TGGTTAGAGGAGTTTA-1,5
TGGTTAGCAAAGAATC-1,1
TGGTTAGCAACTGCGC-1,5
TGGTTAGGTCCAGTGC-1,6
TGGTTAGGTCCCTACT-1,3
TGGTTAGGTGACAAAT-1,7
TGGTTAGGTGAGTATA-1,7
TGGTTAGGTGCAACTT-1,4
TGGTTAGGTTCTCATT-1,1
TGGTTAGTCATGCAAC-1,5
TGGTTAGTCCGTCATC-1,4
TGGTTAGTCCTCGCAT-1,3
TGGTTAGTCTTAACCT-1,7
TGGTTAGTCTTGTACT-1,4
TGGTTCCAGATCCCGC-1,3
TGGTTCCAGCTAAGAT-1,8
TGGTTCCCACATAACC-1,4
TGGTTCCCATCGGACC-1,4
TGGTTCCGTCTTCGTC-1,4
TGGTTCCGTGTTGAGG-1,3
TGGTTCCTCAGAGGTG-1,3
TGTATTCAGCTCCTCT-1,3
TGTATTCAGTGGCACA-1,1
TGTATTCCACGCGAAA-1,3
TGTATTCCAGAGTGTG-1,2
TGTATTCCATCACGAT-1,9
TGTATTCGTCGAATCT-1,4
TGTATTCGTTTAAGCC-1,6
TGTATTCTCGATCCCT-1,8
TGTCCCAAGGATGGTC-1,5
TGTCCCACACGGTAAG-1,6
TGTCCCACATTGGCGC-1,1
TGTCCCAGTCGTCTTC-1,6
TGTCCCAGTCTCATCC-1,1
TGTCCCAGTGCACGAA-1,8
TGTCCCATCCAAAGTC-1,2
TGTCCCATCCTTAATC-1,7
TGTCCCATCGCTGATA-1,8
TGTCCCATCGTAGGAG-1,3
TGTGGTAAGGATATAC-1,3
TGTGGTACAGGCAGTA-1,3
TGTGGTACAGTCAGCC-1,2
TGTGGTACATCAGTCA-1,6
TGTGGTACATGGGAAC-1,3
TGTGGTAGTAAAGGAG-1,2
TGTGGTATCGTAGGAG-1,5
TGTGGTATCTATCCCG-1,2
TGTGGTATCTTAACCT-1,3
TGTGTTTCACAGGTTT-1,5
TGTGTTTCAGCCAATT-1,1
TGTGTTTCAGCCTGTG-1,2
TGTGTTTCAGCTTCGG-1,4
TGTGTTTCATAAAGGT-1,2
TGTGTTTCATACAGCT-1,6
TGTGTTTGTGACGCCT-1,6
TGTGTTTTCAGTGTTG-1,8
TGTGTTTTCTCAACTT-1,8
TGTTCCGAGAGGTTAT-1,5
TGTTCCGCACCAGCAC-1,4
TGTTCCGCACTGCCAG-1,4
TGTTCCGCATGAAGTA-1,4
TGTTCCGGTCAGTGGA-1,1
TGTTCCGGTCTTTCAT-1,6
TGTTCCGTCCAATGGT-1,2
TTAACTCAGATGGCGT-1,2
TTAACTCAGTAAGTAC-1,2
TTAACTCCAAAGGAAG-1,3
TTAACTCCACCATGTA-1,5
TTAACTCCACTCTGTC-1,1
TTAACTCCAGCATACT-1,1
TTAACTCGTGGTGTAG-1,6
TTAACTCGTTCCTCCA-1,3
TTAACTCTCAGCACAT-1,8
TTAACTCTCTCATTCA-1,3
TTAGGACAGCGTAGTG-1,1
TTAGGACAGGACCACA-1,2
TTAGGACCAATTGCTG-1,1
TTAGGACCACGGCTAC-1,1
TTAGGACCAGGCAGTA-1,9
TTAGGACCATACAGCT-1,2
TTAGGACGTCAAGCGA-1,8
TTAGGACGTCAATGTC-1,5
TTAGGACGTCTAAAGA-1,7
TTAGGACTCATCTGTT-1,1
TTAGGACTCTTTACAC-1,6
TTAGGCATCATGTAGC-1,5
TTAGGCATCCAGTAGT-1,1
TTAGGCATCGAACTGT-1,8
TTAGGCATCGCCGTGA-1,1
TTAGGCATCTAGAGTC-1,7
TTAGTTCAGCAATCTC-1,3
TTAGTTCAGCCACCTG-1,2
TTAGTTCAGTGTTAGA-1,3
TTAGTTCCACGGCCAT-1,5
TTAGTTCGTACGAAAT-1,3
TTAGTTCGTTACCAGT-1,5
TTAGTTCTCACAGTAC-1,4
TTAGTTCTCCGTTGTC-1,6
TTAGTTCTCTGCGTAA-1,2
TTATGCTAGCTAGCCC-1,4
TTATGCTAGTCAATAG-1,2
TTATGCTAGTGAACAT-1,4
TTATGCTCATCGGACC-1,4
TTATGCTGTCATATGC-1,6
TTATGCTGTCTCGTTC-1,4
TTATGCTTCCCATTTA-1,3
TTCCCAGCAGTCGATT-1,3
TTCCCAGGTGTGAATA-1,5
TTCCCAGTCGTTACAG-1,7
TTCGAAGAGACTACAA-1,6
TTCGAAGAGCTACCTA-1,6
TTCGAAGCAGCTATTG-1,1
TTCGAAGGTTGTTTGG-1,1
TTCGAAGTCGGACAAG-1,4
TTCGGTCAGATGAGAG-1,3
TTCGGTCAGCCACCTG-1,9
TTCGGTCAGGTACTCT-1,2
TTCGGTCCAGCTCGCA-1,1
TTCGGTCCAGGTCTCG-1,4
TTCGGTCCATTGCGGC-1,9
TTCGGTCGTAAATACG-1,3
TTCGGTCGTCAGCTAT-1,2
TTCTACAAGATGTGGC-1,4
TTCTACAAGCTAACAA-1,4
TTCTACAAGGGTTCCC-1,9
TTCTACACAACACCCG-1,1
TTCTACACAAGTCATC-1,1
TTCTACACACACCGAC-1,6
TTCTACACACAGCGTC-1,6
TTCTACACACGACTCG-1,6
TTCTACACATTTGCTT-1,3
TTCTACAGTGGACGAT-1,8
TTCTACATCACGCATA-1,3
TTCTACATCAGCTCTC-1,1
TTCTCAAAGCGATAGC-1,1
TTCTCAAAGCGTCAAG-1,5
TTCTCAAAGGCGTACA-1,7
TTCTCAACACCTATCC-1,5
TTCTCAACACGAAAGC-1,9
TTCTCAACAGTATAAG-1,4
TTCTCAACATCCTTGC-1,7
TTCTCAAGTAAACGCG-1,8
TTCTCAAGTAGGACAC-1,7
TTCTCAAGTGACTCAT-1,4
TTCTCAAGTTACTGAC-1,1
TTCTCAAGTTTGGGCC-1,2
TTCTCAATCCACTCCA-1,1
TTCTCAATCGCGCCAA-1,4
TTCTCAATCTGTCAAG-1,1
TTCTCCTAGAAGGTTT-1,7
TTCTCCTAGAGACTAT-1,6
TTCTCCTAGAGCTTCT-1,5
TTCTCCTAGGAGCGTT-1,2
TTCTCCTAGTCTTGCA-1,4
TTCTCCTCATGTAGTC-1,8
TTCTCCTTCCGTCATC-1,6
TTCTCCTTCGTTACAG-1,4
TTCTTAGCACAAGTAA-1,3
TTCTTAGCAGACAGGT-1,2
TTCTTAGGTAAACACA-1,6
TTCTTAGGTTCATGGT-1,2
TTCTTAGTCAGGTTCA-1,1
TTCTTAGTCCCGACTT-1,1
TTCTTAGTCTGGTATG-1,6
TTGAACGAGATCCGAG-1,1
TTGAACGAGTCCGTAT-1,3
TTGAACGCAACACCCG-1,5
TTGAACGTCGAACTGT-1,1
TTGAACGTCGGTGTTA-1,4
TTGAACGTCTAAGCCA-1,5
TTGACTTAGAAGAAGC-1,1
TTGACTTAGAGGGCTT-1,3
TTGACTTCAAGTAGTA-1,1
TTGACTTCATGCCTAA-1,4
TTGACTTGTCTAGTGT-1,2
TTGACTTGTGCCTGCA-1,6
TTGACTTGTGTGACCC-1,7
TTGACTTTCACAGTAC-1,1
TTGACTTTCACGCATA-1,2
TTGACTTTCCGAGCCA-1,6
TTGACTTTCGCGATCG-1,3
TTGACTTTCTCTGTCG-1,5
TTGCCGTAGACCACGA-1,3
TTGCCGTAGATAGGAG-1,2
TTGCCGTAGGCGACAT-1,1
TTGCCGTCACAGACTT-1,8
TTGCCGTCAGCTGGCT-1,5
TTGCCGTGTCAACATC-1,1
TTGCCGTGTCTCTTTA-1,3
TTGCCGTGTTCCACGG-1,5
TTGCCGTTCTGAGGGA-1,1
TTGCGTCAGATAGGAG-1,6
TTGCGTCAGCAGGCTA-1,4
TTGCGTCAGCGTGAGT-1,1
TTGCGTCAGGACGAAA-1,8
TTGCGTCCAGGGATTG-1,2
TTGCGTCCAGTTCATG-1,1
TTGCGTCCATGAAGTA-1,1
TTGCGTCCATTAACCG-1,2
TTGCGTCGTCTTCAAG-1,6
TTGCGTCTCAAACCAC-1,6
TTGGAACAGAATGTTG-1,6
TTGGAACCACGCATCG-1,1
TTGGAACCAGGTCTCG-1,2
TTGGAACCAGTAAGCG-1,5
TTGGAACGTAAGAGGA-1,9
TTGGAACTCAGTTCGA-1,3
TTGGCAAAGCAGATCG-1,3
TTGGCAACAAACGCGA-1,5
TTGGCAACAAGGACAC-1,4
TTGGCAACAATTGCTG-1,3
TTGGCAACATAGTAAG-1,2
TTGGCAAGTCGGCTCA-1,6
TTGGCAAGTCTCCATC-1,8
TTGTAGGAGAAGCCCA-1,3
TTGTAGGAGAAGGGTA-1,5
TTGTAGGCAATCCAAC-1,3
TTGTAGGCACAGTCGC-1,1
TTGTAGGCATCACAAC-1,7
TTGTAGGGTCATGCCG-1,4
TTGTAGGTCACATAGC-1,6
TTGTAGGTCCAATGGT-1,3
TTGTAGGTCCGCGTTT-1,1
TTGTAGGTCGGACAAG-1,2
TTTACTGAGAACAACT-1,8
TTTACTGCACACCGAC-1,4
TTTACTGGTACAAGTA-1,1
TTTACTGGTCTCGTTC-1,9
TTTACTGTCCGAACGC-1,1
TTTACTGTCCGTTGCT-1,3
TTTACTGTCGATCCCT-1,1
TTTATGCAGTAGTGCG-1,8
TTTATGCCACACATGT-1,7
TTTATGCCACGGACAA-1,5
TTTATGCCATGGTAGG-1,2
TTTATGCGTCCCGACA-1,9
TTTATGCGTCCGTGAC-1,1
TTTATGCGTCTCTCGT-1,5
TTTCCTCAGACAAGCC-1,1
TTTCCTCAGGCGATAC-1,1
TTTCCTCAGGGTGTGT-1,7
TTTCCTCAGTCGAGTG-1,8
TTTCCTCCATGGATGG-1,4
TTTCCTCGTGCTCTTC-1,3
TTTCCTCTCACTCTTA-1,1
TTTCCTCTCATCACCC-1,7
TTTCCTCTCTGGCGAC-1,2
TTTGCGCAGGGTGTTG-1,3
TTTGCGCCACGTTGGC-1,7
TTTGCGCCAGTGGGAT-1,2
TTTGCGCCATATGAGA-1,5
TTTGCGCCATGGGACA-1,3
TTTGCGCGTAAGTGTA-1,7
TTTGCGCGTACATGTC-1,8
TTTGCGCGTCTTTCAT-1,5
TTTGCGCGTTGATTGC-1,2
TTTGCGCTCAACGGCC-1,4
TTTGCGCTCCAAATGC-1,5
TTTGGTTAGAGAACAG-1,4
TTTGGTTAGCTGATAA-1,4
TTTGGTTCAACGATGG-1,6
TTTGGTTCAAGCTGAG-1,2
TTTGGTTCACGTCAGC-1,2
TTTGGTTCACTGTTAG-1,4
TTTGGTTGTCGGCACT-1,5
TTTGGTTTCAACGGCC-1,4
TTTGGTTTCAAGATCC-1,1
TTTGGTTTCTCCTATA-1,2
TTTGGTTTCTGATACG-1,8
TTTGTCAAGCTAAGAT-1,2
TTTGTCACACATCTTT-1,7
TTTGTCACATAGACTC-1,6
TTTGTCAGTCTAGCCG-1,2
